id,nombre,latitud,longitud
9286749,CEDIS OXXO,32.49416196,-116.8495382
9336750,OXXO,32.6142662,-115.4180173
9352810,OXXO COSTA RICA,32.46406798,-117.0198721
9347418,OXXO MALIBU,32.42418406,-117.0951206
6851610,OXXO SUC 5000Q TEHUACAN TIJ,32.47813067,-116.8717357
9463128,OXXO SUC 50038 BALSAS TIJ,32.48859136,-116.8767496
9438318,OXXO SUC 50047 CAMILA MXL,32.60066269,-115.3545078
9399138,OXXO SUC 500A4 ESCUTIA TIJ,32.5167183,-117.0957117
6780661,OXXO SUC 500AE JACOBO TIJ,32.49779625,-116.9791929
9401530,OXXO SUC 500CT COLORADO MXL,32.56585569,-115.4113294
9469519,OXXO SUC 500D3 EVEREST MXL,32.6488439,-115.4345647
9399139,OXXO SUC 500GC PANAMA TIJ,31.87283589,-116.5853529
9393425,OXXO SUC 500L9 SILAO TIJ,32.50511647,-116.8833099
9465772,OXXO SUC 500OI MENDOZA MXL,32.63627251,-115.4274889
6727711,OXXO SUC 500OR PINEDA TIJ,32.38331546,-116.9358411
9438323,OXXO SUC 500QJ VEITIA MXL,32.66944281,-115.4028962
9459786,OXXO SUC 500TV JUAN DE LA BARRERA TIJ,32.55948712,-116.6411447
6851045,OXXO SUC 500X8 TAMAZULA MXL,32.59291559,-115.3954651
6780437,OXXO SUC 500ZH NUEVA YORK TIJ,32.52307789,-117.0552959
9449325,OXXO SUC 5014V PLAN DE AYALA TIJ,32.41451754,-117.0561252
9422450,OXXO SUC 5016V AQUILES TIJ,32.5333155,-117.0088841
9399144,OXXO SUC 50174 JUANACATLAN TIJ,32.48399287,-116.999652
9393428,OXXO SUC 50180 AMATISTA TIJ,32.49195056,-117.035809
9397119,OXXO SUC 501B7 CALLE H MXL,32.6471451,-115.4605614
6851762,OXXO SUC 501E0 DATA MXL,32.64072339,-115.2775739
6846716,OXXO SUC 501GB TOLTECA TIJ,32.46712086,-116.8774114
6780569,OXXO SUC 501H2 ATOTONILCO TIJ,32.51523577,-116.8958102
9467809,OXXO SUC 501I5 SAUCE TIJ,32.46533763,-116.8817762
9439186,OXXO SUC 501MQ LAGUNA VERDE TIJ,32.45188694,-117.0038654
6780550,OXXO SUC 501OO EXPRESS LINE MXL,32.65753395,-115.5005526
9438324,OXXO SUC 501OW AYUTLA MXL,32.6443309,-115.4236194
9392808,OXXO SUC 501SC VISTA AL MAR MXL,31.11703433,-114.9012561
9397049,OXXO SUC 501SE TOBICHERO MXL,32.57246209,-115.3500627
9422451,OXXO SUC 501ST ORO TIJ,32.55322486,-116.6266488
9416025,OXXO SUC 501YE LA NORIA TIJ,32.52483354,-116.8856314
9393429,OXXO SUC 501YT MAPLES TIJ,32.46013877,-116.8320243
9416026,OXXO SUC 501ZP EJIDATARIOS TIJ,32.53589453,-116.9016125
9416027,OXXO SUC 5022L DURAZNO TIJ,32.49012959,-116.94699
9439209,OXXO SUC 5023V BETANIA TIJ,32.50569418,-116.7926539
6851763,OXXO SUC 502B1 FLORES MAGON MXL,32.66460394,-115.4051713
9444989,OXXO SUC 502CP SABINAS MXL,32.5926169,-115.3891601
9422470,OXXO SUC 502FG ROCAMAR TIJ,32.32477288,-117.0501718
9393449,OXXO SUC 502GO SAGITARIO TIJ,32.54678079,-116.9215962
9397583,OXXO SUC 502HF POPOCATEPETL TIJ,32.53055557,-117.063386
6852016,OXXO SUC 502I0 QUINTAS DEL CENTRO MXL,32.61573558,-115.4136057
9465624,OXXO SUC 502N9 PUEBLO TIJ,32.56653501,-116.5857755
9439206,OXXO SUC 502R2 TRONCOSO TIJ,32.37131707,-117.0513876
9407514,OXXO SUC 502T1 FRANCIA MXL,32.63671464,-115.5228021
9438256,OXXO SUC 502U1 CUATRO CIENEGAS MXL,32.62489528,-115.4379086
9456235,OXXO SUC 502Y0 MICROS TIJ,31.86788324,-116.6230201
9445907,OXXO SUC 502ZL GERMANICO MXL,32.66172095,-115.3818995
9466714,OXXO SUC 502ZX OBESO TIJ,32.38039508,-117.0520054
9452164,OXXO SUC 50322 PARICUTIN TIJ,32.47980131,-116.9157581
6850771,OXXO SUC 5035A DIEZ DE MAYO,32.53782394,-116.8935855
6851608,OXXO SUC 5035K OLIVARES TIJ,32.48670625,-116.9473916
6852017,OXXO SUC 5037U ZARATE TIJ,32.48190011,-117.0297022
6780460,OXXO SUC 503IH ABIGAIL TIJ,31.86734829,-116.5973439
9453142,OXXO SUC 503J1 RIO MXL,32.65079628,-115.5256981
9439207,OXXO SUC 503KA 1RO DE MAYO TIJ,32.47838302,-117.0122804
9439208,OXXO SUC 503MV BRONCE TIJ,32.4079225,-116.9168052
6851267,OXXO SUC 503NG LA CUESTA MXL,32.5662029,-115.9418001
6797313,OXXO SUC 503OA VISION TIJ,32.39384774,-117.0165822
9461896,OXXO SUC 503UC MAYA MXL,32.57540515,-115.4252214
9397589,OXXO SUC 503UT BUSTAMANTE TIJ,32.38170279,-117.0677392
9444134,OXXO SUC 503X3 PADILLA TIJ,32.47790851,-117.0877281
9393457,OXXO SUC 5040U MESA TIJ,32.46426013,-116.9332685
6780567,OXXO SUC 5045A COLOSO TIJ,32.52617313,-116.9167121
9422477,OXXO SUC 5045W TORIZ TIJ,32.54677082,-116.921595
9393458,OXXO SUC 5046F LOMAS DE LA PRESA TIJ,32.44567358,-116.9281755
9397057,OXXO SUC 5046K NEGRETE MXL,32.57907984,-115.4266229
6705963,OXXO SUC 5048R FM MXL,32.60210113,-115.3424485
9469224,OXXO SUC 5048W DE LA PLATA TIJ,32.51373517,-116.90328
6780609,OXXO SUC 504JC EXE TIJ,32.51195278,-116.774452
9415206,OXXO SUC 504MX JARDINES DE LA MESA TIJ,32.46008912,-116.9320864
9409382,OXXO SUC 504QT LAJA TIJ,32.52329677,-117.1079201
9459197,OXXO SUC 504SI EMMA TIJ,32.53914207,-116.9988705
9416056,OXXO SUC 504WW PUESTA DEL SOL TIJ,32.53293958,-117.1073723
9393459,OXXO SUC 504X9 INTEGRIDAD TIJ,32.52621167,-117.070869
6850918,OXXO SUC 504YH PARKER TIJ,32.53833993,-116.9193177
6852018,OXXO SUC 504Z2 DJO TIJ,32.4513005,-116.8865542
9442664,OXXO SUC 5052I ARTICULUS TIJ,32.36728792,-117.0436988
9467995,OXXO SUC 5052S SANTA FATIMA MXL,32.65433347,-115.5400362
9456364,OXXO SUC 5053D LERMA TIJ,32.47732642,-117.0108667
9444127,OXXO SUC 5053O COMPUERTAS TIJ,32.51412243,-116.992596
6780500,OXXO SUC 5054M ALBINO TIJ,32.51617448,-117.0523118
6780448,OXXO SUC 505AZ BONITA TIJ,31.84676169,-116.6026879
9465038,OXXO SUC 505CW EJIDO LAZARO MXL,32.60497164,-115.0175158
9422489,OXXO SUC 505D0 ORTIZ TIJ,32.34769988,-117.043478
9469406,OXXO SUC 505HE UXMAL TIJ,32.51976978,-116.9787099
9416063,OXXO SUC 505LA IXTLAN TIJ,32.48098224,-117.0655703
9422490,OXXO SUC 505OC TAMUL TIJ,32.52561865,-116.9233753
6780464,OXXO SUC 505OV FARALLON TIJ,32.53069766,-117.1232216
9392841,OXXO SUC 505PO ALCERREGA MXL,32.64449667,-115.5087976
9397596,OXXO SUC 505SI IXTEPEC TIJ,32.46883727,-116.9084151
9450236,OXXO SUC 505UD EVARISTO TIJ,32.52726257,-117.0000469
9422491,OXXO SUC 506C4 ADELA TIJ,32.53329302,-117.0384463
6780503,OXXO SUC 506CP PRO HOGAR,32.65155664,-115.439242
9445924,OXXO SUC 506D1 MICHOACAN DE OCAMPO MXL,32.4637346,-115.3035533
9415198,OXXO SUC 506DT PIRAMIDES TIJ,32.55070615,-116.8908107
9462886,OXXO SUC 506HY LOS CABOS TIJ,32.45101594,-116.986027
6787797,OXXO SUC 506NK AQUILA TIJ,32.43963625,-116.9227078
9393462,OXXO SUC 506VD COLINAS DE CALIFORNIA TIJ,32.46402301,-117.0081909
9392858,OXXO SUC 506ZQ MISION SAN DIEGO MXL,32.63472915,-115.3993434
9461545,OXXO SUC 5071C BONAMPAK TIJ,32.52303111,-116.8616408
9415207,OXXO SUC 5074E IGNACIO TIJ,32.52626798,-117.0529758
9422507,OXXO SUC 5074F FIERRO TIJ,32.50964398,-117.0562781
9392859,OXXO SUC 5075X MANAGUA MXL,32.66296684,-115.4420454
6851371,OXXO SUC 5076L PERICUE TIJ,32.46234928,-116.930541
9397613,OXXO SUC 5077B COLUMBUS TIJ,32.53328443,-117.0487946
9427457,OXXO SUC 507AD CAMPESINOS MXL,32.64651608,-115.5420642
9392860,OXXO SUC 507E7 RIO FUERTE MXL,32.63904206,-115.4375921
9438306,OXXO SUC 507G6 AYUNTAMIENTO MXL,32.61755847,-115.4225192
9397095,OXXO SUC 507H5 SILVA MXL,32.36142098,-115.0624388
9422508,OXXO SUC 507JL PAU PAU TIJ,32.55718659,-116.6376383
6851268,OXXO SUC 507JV TESTERAZO TIJ,32.29894963,-116.5357981
6845907,OXXO SUC 507L8 1810 MXL,32.60841498,-115.4444703
9469757,OXXO SUC 507LU MUNDIAL TIJ,32.47983792,-117.0365537
9453239,OXXO SUC 507M9 PAI PAI TIJ,32.51394795,-116.8654817
6852019,OXXO SUC 507R8 DEL ALBA TIJ,32.36902581,-116.9239755
9416083,OXXO SUC 507TZ AGATA TIJ,32.47302385,-117.0159418
9416084,OXXO SUC 507VR ALACRAN TIJ,32.51133439,-117.0862494
9439236,OXXO SUC 50820 RINCONADA OTAY TIJ,32.52570834,-116.942451
9397116,OXXO SUC 50853 TAMESIS MXL,32.60480204,-115.401135
9366707,OXXO SUC 5085K SANTA ISABEL TIJ,32.51988357,-116.9905889
9397117,OXXO SUC 5085Q BRAVO MXL,32.29055271,-115.112457
9393489,OXXO SUC 50869 DIGNIDAD TIJ,32.52139413,-116.8735814
9416085,OXXO SUC 5089T QUETZALCOATL TIJ,32.51665305,-117.0645818
9453240,OXXO SUC 508BA CABRILLO TIJ,31.85799859,-116.6095503
6850389,OXXO SUC 508IK SUAREZ TIJ,32.51755076,-117.044711
9444091,OXXO SUC 508JO RANCHO VIEJO TIJ,32.47226605,-116.9344685
6845880,OXXO SUC 508OV CHICHEN ITZA TIJ,32.47343239,-116.8825133
9422518,OXXO SUC 508PV DEGOLLADO TIJ,32.56120042,-116.6342687
9427471,OXXO SUC 508QN MERIDA MXL,32.6441654,-115.4943202
6854915,OXXO SUC 508RD LEALTAD TIJ,32.52271671,-116.8696524
9392875,OXXO SUC 508U3 TURIA MXL,32.58495801,-115.3355535
9422519,OXXO SUC 508UZ SISNEAGAS TIJ,32.51182945,-117.0448535
6701538,OXXO SUC 508XL ETIOPIA TIJ,31.88255211,-116.6142236
9397644,OXXO SUC 508XQ AMANECER TIJ,32.36235015,-116.915596
9415221,OXXO SUC 508ZP CARL ZEISS TIJ,32.48279548,-116.9231871
9415222,OXXO SUC 5090I OLACHEA TIJ,32.52080443,-116.9423383
9439263,OXXO SUC 5091Y BELMONTE TIJ,32.50956657,-116.8559927
9442243,OXXO SUC 5092K VERSALLES,32.63211342,-115.4964527
6850919,OXXO SUC 5096M MILAN TIJ,32.4551785,-117.0359022
9393503,OXXO SUC 5096O MONTILLA TIJ,32.4703354,-116.9240662
6850920,OXXO SUC 50989 CAMICHIN TIJ,32.46553323,-116.9055564
9438321,OXXO SUC 5098P 27 DE ENERO MXL,32.62931623,-114.8569416
9393504,OXXO SUC 509AF JUPITER TIJ,32.4440826,-116.9940553
6846417,OXXO SUC 509BF UXMAL MXL,32.64007127,-115.4954482
9416108,OXXO SUC 509CZ BARCELONA TIJ,32.43687501,-116.987707
9436437,OXXO SUC 509ER MALDONADO TIJ,32.55808001,-116.6308809
9468329,OXXO SUC 509F3 NEVADOS TIJ,32.37814628,-116.9344268
9453328,OXXO SUC 509GF Y GRIEGA TIJ,32.41129814,-116.9503812
9422556,OXXO SUC 509GW PERAL TIJ,32.4427609,-117.0579143
9416115,OXXO SUC 509H9 CHAPINGO TIJ,32.45239551,-116.9911423
6851372,OXXO SUC 509L5 MARSELLA TIJ,32.51445019,-116.9155641
9422557,OXXO SUC 509PV OPORTO TIJ,32.4471726,-117.0593881
9427472,OXXO SUC 509QD PRIMERA MXL,32.61295744,-115.3998326
6851185,OXXO SUC 509R5 GONZALEZ TIJ,32.51135311,-117.0556667
9438322,OXXO SUC 509S5 PLAZA LAZARO MXL,32.62493659,-115.4339115
6852020,OXXO SUC 509SI SEGOVIA MXL,32.65058123,-115.3749642
9397651,OXXO SUC 509T9 KILAUEA TIJ,32.55154452,-116.8788074
6851771,OXXO SUC 509TO TAURINAS TIJ,32.53336776,-116.9820537
6283535,OXXO SUC 509Y0 CARLOTA TIJ,32.53094131,-116.9931102
6852021,OXXO SUC 509ZD CIBELES MXL,32.62475416,-115.4204692
9393512,OXXO SUC 50A1N HACIENDA LAURELES TIJ,32.43945952,-116.9657544
9393513,OXXO SUC 50A6E PARALELO 28 TIJ,32.56510346,-116.6556813
9438258,OXXO SUC 50A6M DILUVIO MXL,32.59123692,-115.3355209
6851677,OXXO SUC 50A6P TIZOC TIJ,32.5189603,-117.0723861
9464086,OXXO SUC 50A7M SAN PEDRO MARTIR TIJ,30.9779303,-116.1593793
9438259,OXXO SUC 50A7Y TEXCOCO MXL,32.60590754,-115.4546887
9456805,OXXO SUC 50A8B PUERTA PLATA TIJ,32.40772544,-116.9121321
9433442,OXXO SUC 50A8N MANUEL ACUNA MXL,32.66782493,-115.4230477
9419602,OXXO SUC 50A96 PLANICIE TIJ,32.52748811,-116.8646776
6851270,OXXO SUC 50A9C VERDAD TIJ,32.52225044,-117.0414446
6287267,OXXO SUC 50AAC ANAHUAC MXL,32.62288205,-115.4792107
6282728,OXXO SUC 50AAU TULA MXL,32.59249647,-115.3589624
6283538,OXXO SUC 50ABI ALTA BRISA II TIJ,32.53071708,-116.9773618
6283534,OXXO SUC 50ABR ALBA ROJA TIJ,32.49726949,-116.9839693
6287334,OXXO SUC 50AEK ALDRETE TIJ,32.57478639,-116.6101556
6282711,OXXO SUC 50AFQ AFRODITA MXL,32.6005788,-115.354686
6286151,OXXO SUC 50AGH ALVARADO TIJ,32.37625576,-117.0523368
6286175,OXXO SUC 50AGQ ANGELES TIJ,32.49323077,-116.8611352
6287300,OXXO SUC 50AGT ARGENTINA MXL,32.66730722,-115.4523815
6285885,OXXO SUC 50AGX AGRICOLA MXL,32.58965695,-115.4710305
6286154,OXXO SUC 50AHB ALDAMA TIJ,32.50139497,-116.8902002
6286249,OXXO SUC 50AHJ SANTA ANITA TIJ,32.54171409,-116.6498812
6287265,OXXO SUC 50AIF ALARCON MXL,32.59387245,-115.5759064
6780641,OXXO SUC 50AKM ANDALUCIA TIJ,32.56636442,-116.585437
6780684,OXXO SUC 50AKN ATENAS TIJ,32.50238259,-116.8607683
6285155,OXXO SUC 50AKO CHIHUAHUA TIJ,32.53792566,-117.0397501
6285150,OXXO SUC 50AKP GORMAN TIJ,32.52313439,-117.0151842
6287389,OXXO SUC 50ALI CALIFORNIA TIJ,32.5414503,-116.9976687
6287128,OXXO SUC 50ALS ALAMOS TIJ,32.50960897,-116.9535913
6287137,OXXO SUC 50ALZ VILLAS DE ALCAZAR TIJ,32.46054502,-116.9234755
6851271,OXXO SUC 50AM3 MORSE TIJ,32.47141846,-116.9493493
6285121,OXXO SUC 50AMB EJIDO B. JUAREZ MXL,32.55152278,-115.2168969
6285012,OXXO SUC 50AME TABASCO MXL,32.64961246,-115.5044238
6283539,OXXO SUC 50AMP OCAMPO TIJ,32.52475893,-117.0309979
6286080,OXXO SUC 50ANT SAN ANTONIO TIJ,32.44144838,-117.0374635
6283654,OXXO SUC 50ANU ANAHUAC II MXL,32.62023576,-115.4789472
6787798,OXXO SUC 50AOB BITZ TIJ,32.40668625,-116.9406921
6288336,OXXO SUC 50AOV ANGELES DE PUEBLA MXL,32.55958889,-115.3397449
6285148,OXXO SUC 50ARF JADE TIJ,32.50668346,-116.7332844
6287069,OXXO SUC 50ARL MONTECARLO MXL,32.64306091,-115.399305
6287390,OXXO SUC 50ATV ALTA BRISA TIJ,32.53012548,-116.9708419
6791357,OXXO SUC 50AUP SAN LUCAS LAP,32.58994552,-115.4308686
6284032,OXXO SUC 50AWH AHUEHUETE TIJ,31.88901874,-116.5943362
6287446,OXXO SUC 50AWN ANAHUAC TIJ,32.46463136,-116.9110214
6780455,OXXO SUC 50AWV MELENDREZ TIJ,31.7922545,-116.5842815
6787849,OXXO SUC 50B2A GAS HIDALGO MXL,32.61387084,-115.4605837
9435487,OXXO SUC 50B5O DORIAN TIJ,32.53528998,-117.0038035
6851272,OXXO SUC 50B6Q DEL TRIGO TIJ,32.5244392,-116.8888834
6286258,OXXO SUC 50BAP PUNTA BANDA TIJ,31.82768258,-116.6028694
6287114,OXXO SUC 50BAT BELLAS ARTES TIJ,32.54386355,-116.9368204
6285949,OXXO SUC 50BCR EL REY MXL,32.6010934,-115.4834322
6286085,OXXO SUC 50BET BETA TIJ,32.46383585,-116.8654219
6287303,OXXO SUC 50BEW BUGAMBILIAS MXL,32.60248262,-115.3746938
6285933,OXXO SUC 50BFG V. DE LOS ANGELES MXL,32.62658205,-115.5672025
9400132,OXXO SUC 50BFI BONFIL TIJ,32.34457731,-117.0519636
6285029,OXXO SUC 50BGH BALBOA TIJ,31.85794873,-116.6063873
9400133,OXXO SUC 50BJX VELASCO TIJ,32.53995765,-117.003086
6287296,OXXO SUC 50BJZ BENITO JUAREZ MXL,32.63905398,-115.4234184
6282709,OXXO SUC 50BKZ MERCED MXL,32.5660921,-115.3419994
6285003,OXXO SUC 50BLP QUERETARO MXL,32.65264891,-115.4880571
9466970,OXXO SUC 50BM1 RANCHITO MXL,32.64528687,-115.3192405
6282730,OXXO SUC 50BMU DEL PUERTO MXL,31.02569357,-114.8421178
6790280,OXXO SUC 50BMX RODEO TIJ,32.48426156,-116.568969
6780605,OXXO SUC 50BOI PARQUE CENTENARIO MXL,32.5993066,-115.3603144
6282658,OXXO SUC 50BQH ESTERO BEACH TIJ,31.78252369,-116.6044133
6286170,OXXO SUC 50BQW DEL BOSQUE TIJ,32.50420589,-116.8424373
6287086,OXXO SUC 50BRA LIBRAMIENTO TIJ,32.52740124,-117.0850042
6283386,OXXO SUC 50BRS BRASIL MXL,32.66651909,-115.4439448
9397051,OXXO SUC 50BS3 ODONTOLOGOS MXL,32.62694029,-115.5138623
6282754,OXXO SUC 50BSW BALSAS MXL,32.56218141,-115.3654562
6287360,OXXO SUC 50BUA BUENOS AIRES TIJ,32.50462283,-116.889485
9392810,OXXO SUC 50BV2 PLAYACAR MXL,32.63237143,-115.4231913
6285100,OXXO SUC 50BVD SERDAN TIJ,32.09386963,-116.8529682
6285165,OXXO SUC 50BVH AVANTE TIJ,32.34170891,-117.0571875
6282964,OXXO SUC 50BWJ LAS PLAZAS TIJ,32.48169705,-116.9951183
6287361,OXXO SUC 50BYO ABETO TIJ,32.44352598,-117.0627432
6282721,OXXO SUC 50BYQ ANDADOR MXL,32.6635766,-115.4960894
6854883,OXXO SUC 50BZX MADRID MXL,32.59861281,-115.4615238
9462254,OXXO SUC 50C1K SEPTIEMBRE TIJ,32.35065215,-117.0557829
9411757,OXXO SUC 50C1X SERVICIO TIJ,32.56692827,-116.641059
6851273,OXXO SUC 50C47 EUCALIPTO TIJ,32.4862202,-117.0222983
6780507,OXXO SUC 50C5B LEGISLACION TIJ,32.49512318,-117.036636
9411758,OXXO SUC 50C8R ASADERO TIJ,32.50967882,-116.9121077
6287132,OXXO SUC 50CAD CERRO COLORADO TIJ,32.47980516,-116.9158815
6287269,OXXO SUC 50CAL CALAFIA MXL,32.63473711,-115.4523664
6780622,OXXO SUC 50CCL KENWORTH MXL,32.60427087,-115.4285521
6780568,OXXO SUC 50CCN ACUEDUCTO TIJ,32.47439357,-116.7909591
6780534,OXXO SUC 50CCP TANAMA TIJ,32.52049871,-116.6244262
6285906,OXXO SUC 50CCW CENTRO CIVICO MXL,32.63940155,-115.4721337
6286108,OXXO SUC 50CDD CANADAS TIJ,32.47323414,-116.8597593
6286765,OXXO SUC 50CFT COMONFORT TIJ,32.49194506,-116.9089529
6284033,OXXO SUC 50CFZ CALZADA TIJ,31.86601538,-116.5839559
6286101,OXXO SUC 50CGA CAREAGA TIJ,32.52297515,-117.0745429
6780586,OXXO SUC 50CIW BRIZUELAS TIJ,32.36632206,-116.6150184
6283673,OXXO SUC 50CJL CARBAJAL MXL,32.62087208,-115.4230395
6284792,OXXO SUC 50CKB CARIBE MXL,31.02588851,-114.842626
6286171,OXXO SUC 50CKO BUENA VISTA TIJ,32.52134208,-116.9866348
6285947,OXXO SUC 50CKP CHEAP MXL,32.60894868,-115.4051728
6854865,OXXO SUC 50CKV BACHILLERES MXL,32.63202779,-114.8641397
6847083,OXXO SUC 50CM0 CLUB CAMPESTRE TIJ,32.51236338,-117.0019319
6707120,OXXO SUC 50CMT VILLA CORTEZ MXL,32.60666156,-115.3461187
6780596,OXXO SUC 50CNO JUAN OJEDA TIJ,32.51985647,-116.9825751
6701583,OXXO SUC 50COA JEREZ MXL,32.62870527,-115.4633833
6282988,OXXO SUC 50COJ CIERVO ROJO TIJ,32.35133876,-117.0502363
6287089,OXXO SUC 50COS COSTA AZUL TIJ,32.51157842,-117.1201234
6285902,OXXO SUC 50CPI CAMPANARIO MXL,32.60898346,-115.4884803
6282910,OXXO SUC 50CQF AVILES TIJ,32.49826349,-116.9677824
6286172,OXXO SUC 50CQW MACLOVIO TIJ,32.5433874,-116.6324692
6287295,OXXO SUC 50CRU CRUCERO MXL,32.64331673,-115.477067
6284790,OXXO SUC 50CRX CAMINO REAL TIJ,31.77105011,-116.5734912
6285900,OXXO SUC 50CTA CALLE CUARTA MXL,32.61423753,-115.3929551
6283433,OXXO SUC 50CTN CASTELLON MXL,32.61371163,-115.455448
6283145,OXXO SUC 50CUC CUCAPAH MXL,32.62289655,-115.4728073
6283447,OXXO SUC 50CUT CUAUHTEMOC MXL,32.65779325,-115.4433138
9395737,OXXO SUC 50CV3 CHAPARRAL TIJ,32.54033091,-117.0313286
9466322,OXXO SUC 50CVE EJERCITO TIJ,31.85301846,-116.605315
6796253,OXXO SUC 50CWL ACAPONETA TIJ,32.49209242,-116.8765053
6701480,OXXO SUC 50CWS CAOBA II TIJ,32.51284734,-117.0614959
6284789,OXXO SUC 50CWV CORDOVA TIJ,32.48388379,-116.9321999
9465293,OXXO SUC 50CX8 MAGDALENA TIJ,32.48079684,-117.0346756
6287441,OXXO SUC 50CXE CEDRO TIJ,31.90608664,-116.591888
9395738,OXXO SUC 50CY8 VILLA COLONIAL TIJ,31.83350577,-116.6009933
6287090,OXXO SUC 50CYT CONSTITUYENTES TIJ,31.88115926,-116.6017717
9459782,OXXO SUC 50D0I SURTIDORA TIJ,30.47558914,-115.9155954
9453724,OXXO SUC 50D3S NIAGARA MXL,32.6131376,-115.4880486
6846993,OXXO SUC 50D42 HERACLIO BERNAL TIJ,32.53158956,-117.0760439
9435488,OXXO SUC 50D65 MALIBAT TIJ,32.4908477,-117.0697531
9419603,OXXO SUC 50D78 EASY PARK TIJ,32.5396208,-117.0289998
6288372,OXXO SUC 50D7T TERMINAL AEREA TIJ,32.54627687,-116.9747385
9433444,OXXO SUC 50D9R CAMINO REAL MXL,32.57775538,-115.4251524
6780639,OXXO SUC 50DAL HIDALGO TIJ,32.52383298,-117.0206611
9465352,OXXO SUC 50DB4 NACIONALISTA MXL,32.63457524,-115.5186933
6790421,OXXO SUC 50DBA TECATE TIJ,32.56847102,-116.6340753
6286169,OXXO SUC 50DBN EL DORADO TIJ,32.49795321,-116.8619375
6851274,OXXO SUC 50DE7 AVENIDA G TIJ,32.53629231,-117.0418198
6287112,OXXO SUC 50DEO MONTES DE OCA TIJ,32.50621652,-116.8653768
6286148,OXXO SUC 50DFJ DF TIJ,32.36504022,-117.0501662
6850921,OXXO SUC 50DFL GALERIAS MXL,32.6225975,-115.510324
6851275,OXXO SUC 50DI8 DATILEROS TIJ,32.50332362,-116.968684
6287395,OXXO SUC 50DIJ MANUEL GOMEZ TIJ,32.39952092,-117.0523144
6780476,OXXO SUC 50DJO MEDITERRANEO TIJ,30.70992702,-115.9888877
6282752,OXXO SUC 50DKL EL ARBOLITO MXL,32.61739814,-115.4289201
6287281,OXXO SUC 50DLG DELEGACION MXL,32.58988483,-115.3954869
6768496,OXXO SUC 50DLQ RENACIMIENTO MXL,32.34121412,-115.3317911
6701438,OXXO SUC 50DMI BABILONIA TIJ,31.78747574,-116.5922092
6285166,OXXO SUC 50DNL ALISITOS TIJ,32.12347638,-116.8846278
6287095,OXXO SUC 50DOR VALLE DORADO TIJ,31.82823392,-116.5924469
9409095,OXXO SUC 50DP0 ARGENTINA TIJ,32.46715738,-117.0128434
6728880,OXXO SUC 50DPL NUEVO AMANECER MXL,32.6254409,-115.3746248
6282970,OXXO SUC 50DQL LOMAS VERDES TIJ,32.47228827,-116.9427778
6286089,OXXO SUC 50DRL PASEOS DEL REAL TIJ,31.76991478,-116.5658594
6287309,OXXO SUC 50DRR MADEREROS MXL,32.64969482,-115.4582681
9467007,OXXO SUC 50DU9 VISTA SUR TIJ,32.48997438,-116.9438339
6287344,OXXO SUC 50DUL MODULOS TIJ,32.54940948,-116.9246183
6796366,OXXO SUC 50DVB JURIDICOS TIJ,31.86733258,-116.5974629
6791270,OXXO SUC 50DVD GALLARDO TIJ,32.38809145,-117.0473854
6780496,OXXO SUC 50DVT SAN BENITO TIJ,32.50580467,-116.8976711
6284771,OXXO SUC 50DWC DORICO MXL,31.03481261,-114.8352941
6282725,OXXO SUC 50DWM 2000 MXL,32.60396736,-115.478413
6282737,OXXO SUC 50DWX LOMBARDO MXL,32.61588831,-115.4726153
6780575,OXXO SUC 50DXB TEQUESQUITENGO TIJ,32.51181196,-116.9274991
6780574,OXXO SUC 50DXS TRANSPENINSULAR TIJ,32.50263782,-117.0224039
6286257,OXXO SUC 50DYK MABAMEX TIJ,32.47510879,-116.8604387
6282931,OXXO SUC 50DYN ROMANO TIJ,32.50523868,-116.9776926
9427431,OXXO SUC 50DZ3 CARRIZO MXL,32.61499493,-115.385783
6288381,OXXO SUC 50DZA DECIMA TIJ,32.52621497,-117.0294017
6282926,OXXO SUC 50DZC CINCO Y DIEZ TIJ,32.50162228,-116.9702421
6287425,OXXO SUC 50DZN DURAN TIJ,32.53349659,-117.0384715
6851276,OXXO SUC 50E06 GENERAL TIJ,32.52717182,-117.010299
6705973,OXXO SUC 50E1X GUELATAO TIJ,31.67067937,-116.5131873
9419640,OXXO SUC 50E2W CHULAVISTA TIJ,32.36308995,-117.0527069
9392837,OXXO SUC 50E6M PATRIA MXL,32.63869377,-115.4780492
6850387,OXXO SUC 50E9C JAUJILLA TIJ,32.49588956,-116.8791359
6287340,OXXO SUC 50EBU ABEDULES TIJ,32.4603756,-116.8741287
6285051,OXXO SUC 50ECI PIPILA TIJ,32.50584633,-116.8781265
6797321,OXXO SUC 50ECJ ALFAREROS MXL,32.6523783,-115.4878833
6286083,OXXO SUC 50EES LAURELES TIJ,32.53354052,-117.0977986
6282726,OXXO SUC 50EFW CASTILLA MXL,32.58765197,-115.4931846
6288397,OXXO SUC 50EGG ESTADIO TIJ,31.86612709,-116.6082076
6797319,OXXO SUC 50EJ6 DEFENSORES TIJ,32.48430031,-116.5690466
6288405,OXXO SUC 50EKA TIJUANA TIJ,32.54386504,-116.9367972
6288368,OXXO SUC 50EKF AUTODROMO TIJ,32.46972222,-116.7936111
6282947,OXXO SUC 50EKG BOLIVIA TIJ,32.49391016,-116.941446
6851609,OXXO SUC 50EL4 SELVA TIJ,32.48292537,-116.9650082
6287321,OXXO SUC 50ELL ESTRELLA MXL,32.60197442,-115.388822
9397074,OXXO SUC 50EM7 BERMUDAZ MXL,32.4953838,-115.3953694
6780546,OXXO SUC 50EMM TOLUCA MXL,32.41866977,-115.067292
6287279,OXXO SUC 50EMW EL MARINO MXL,31.02267982,-114.8336856
6283119,OXXO SUC 50ENS ENSENADA TIJ,32.53259652,-117.1145833
6282957,OXXO SUC 50EOG DIEGO RIVERA TIJ,32.52124293,-117.0153732
9411789,OXXO SUC 50EOX ARGON TIJ,32.24480076,-116.9343332
6286177,OXXO SUC 50EPN ESTANCIA TIJ,31.84187003,-116.6031155
6282776,OXXO SUC 50ERB EREBIA MXL,32.57553689,-115.3605827
6287099,OXXO SUC 50ERD CAMINO VERDE TIJ,32.49145549,-116.9712794
6780449,OXXO SUC 50ERH ESTADO 29 TIJ,31.86248357,-116.5807994
6287121,OXXO SUC 50ERN TERAN TIJ,32.51634847,-116.8890022
6287136,OXXO SUC 50ERR FERROCARRIL TIJ,32.49740528,-116.9540641
6287314,OXXO SUC 50ESQ ESPANA MXL,32.61677225,-115.3752664
6285923,OXXO SUC 50EUC EUCALIPTO MXL,32.64250839,-115.389425
9419641,OXXO SUC 50EV4 NILO TIJ,32.47131819,-116.9278757
6287359,OXXO SUC 50EVA BREVA TIJ,32.48014823,-116.9392019
6282945,OXXO SUC 50EWB BARDOT TIJ,32.504268,-116.8575323
6282934,OXXO SUC 50EWN NOGAL TIJ,32.509553,-116.8373465
6286176,OXXO SUC 50EWS CAMPOS TIJ,32.46657034,-116.9161365
6282955,OXXO SUC 50EWU DEL ARBUSTO TIJ,32.43095876,-116.9453053
6854793,OXXO SUC 50EXI ELIAS CALLES MXL,32.58753133,-115.5671461
6282657,OXXO SUC 50EYI VISTA HERMOSA TIJ,31.81473504,-116.5953145
6286304,OXXO SUC 50EYN PABELLON TIJ,32.40858093,-117.0476866
6282661,OXXO SUC 50EZH ARCE TIJ,31.87392228,-116.5776406
6282663,OXXO SUC 50EZI DESTINO TIJ,30.5166235,-115.9281084
6282960,OXXO SUC 50EZR FINISTERRA TIJ,32.49204576,-116.9203487
6282942,OXXO SUC 50EZV VERGEL TIJ,32.45798728,-116.8388238
6792301,OXXO SUC 50EZZ SAN PABLO TIJ,32.44974307,-116.925243
9435517,OXXO SUC 50F08 RIO YAQUI TIJ,32.51229968,-116.9442007
6780659,OXXO SUC 50F5E GUILLERMO PRIETO TIJ,32.50764368,-116.9732617
9392839,OXXO SUC 50F6R CUYUTLAN MXL,32.64108667,-115.5054432
9412469,OXXO SUC 50F6W OCEANO ATLANTICO MXL,32.63370638,-115.4812366
9453869,OXXO SUC 50F9X BALCONES TIJ,32.53535551,-116.9351097
6285139,OXXO SUC 50FAL ANDES TIJ,32.42088615,-116.9697991
9409122,OXXO SUC 50FB4 CONQUISTADORES TIJ,32.4754577,-116.9682825
6287061,OXXO SUC 50FEP FELIPA VAZQUEZ MXL,32.60747561,-115.4683281
6780686,OXXO SUC 50FFH TONALA TIJ,32.4903061,-116.8535684
6286106,OXXO SUC 50FGP PORTICOS TIJ,32.44321016,-117.0275566
6285124,OXXO SUC 50FGX RINCONES MXL,32.55714657,-115.3330331
6287376,OXXO SUC 50FHD ABEJAS TIJ,32.46844089,-116.8497507
6851277,OXXO SUC 50FI5 JACINTO TIJ,32.47175192,-116.8409937
6780548,OXXO SUC 50FJX LUPITA II TIJ,32.47641763,-117.0245188
6283370,OXXO SUC 50FLD FLORIDO TIJ,32.46195628,-116.8803874
6287274,OXXO SUC 50FLP SAN FELIPE MXL,32.56279597,-115.4202117
6285058,OXXO SUC 50FMB TERRABELLA TIJ,32.53088568,-116.8781394
6282672,OXXO SUC 50FMZ FAMOSA TIJ,31.87407547,-116.6092051
6282716,OXXO SUC 50FNS VERONA MXL,32.64264023,-115.3839123
9449214,OXXO SUC 50FO8 HISENSE TIJ,32.39170727,-117.0512427
6282763,OXXO SUC 50FOW 5 DE FEBRERO MXL,32.62091915,-115.4339635
6854806,OXXO SUC 50FOX ESCORPION TIJ,31.78528822,-116.5686927
6711584,OXXO SUC 50FPB CEMEX TIJ,31.85087696,-116.5784295
6282946,OXXO SUC 50FPD BICENTENARIO TIJ,32.49648704,-116.8866314
6286099,OXXO SUC 50FPF PERIFERICO TIJ,31.847382,-116.5965705
6287283,OXXO SUC 50FRD FLORIDO II MXL,32.59984612,-115.3689242
6284975,OXXO SUC 50FRT VILLA FLORESTA TIJ,32.36446081,-117.0597319
6282919,OXXO SUC 50FTU HUMBOLT TIJ,32.54209872,-116.9237587
6284029,OXXO SUC 50FUO ALCALA TIJ,32.53792463,-117.0396962
6282760,OXXO SUC 50FVB VILLAS DE COL MXL,32.59425114,-115.3670268
6285137,OXXO SUC 50FVQ LA PAZ TIJ,32.51834147,-116.9632642
6288373,OXXO SUC 50FVU MADRID TIJ,32.5396383,-117.0191308
6282770,OXXO SUC 50FWD FUNDADORES MXL,32.59449075,-115.5187589
6284773,OXXO SUC 50FWS CHETUMAL MXL,31.02435826,-114.8391814
6285153,OXXO SUC 50FXF SANTA ELENA TIJ,32.49817364,-116.987923
6282929,OXXO SUC 50FXT FRONTERA TIJ,32.53437895,-117.0732486
9438281,OXXO SUC 50FYI PARAJES MXL,32.55447294,-115.341058
6288391,OXXO SUC 50FYV BAHIA TIJ,31.85618663,-116.6026573
6848567,OXXO SUC 50G52 LAGO AZUCENAS,32.62396485,-115.4765276
6851491,OXXO SUC 50G8F SANTA CRUZ TIJ,32.44791896,-117.0174891
6287365,OXXO SUC 50GBN BENTON TIJ,32.49101228,-116.9532987
6705956,OXXO SUC 50GDT SANTA BARBARA TIJ,32.50557646,-116.9851487
6780652,OXXO SUC 50GEE PASEO PLAYAS TIJ,32.51173151,-117.1201129
6285056,OXXO SUC 50GEG DATIL TIJ,32.51901435,-116.8894832
6287127,OXXO SUC 50GEL DEL ANGEL TIJ,32.49151158,-117.0146009
6288382,OXXO SUC 50GGW SAN VICENTE TIJ,31.32618628,-116.2484253
6282667,OXXO SUC 50GGY SAN JUAN TIJ,31.89862862,-116.5764944
6287313,OXXO SUC 50GHC GRAN HACIENDA MXL,32.60443212,-115.480172
6287347,OXXO SUC 50GHH CHEVIGAS TIJ,32.53904338,-116.901861
6285926,OXXO SUC 50GHL CHILPANCINGO TIJ,32.52997991,-116.8997867
6286110,OXXO SUC 50GHN GRAN HOTEL TIJ,32.51310667,-117.0063961
6286146,OXXO SUC 50GHU NAYARIT TIJ,32.46353182,-116.9732429
6285140,OXXO SUC 50GIQ VALLE SAN PEDRO TIJ,32.45291499,-116.682097
6287100,OXXO SUC 50GIS MAGISTERIAL TIJ,32.54382468,-116.9024103
6780440,OXXO SUC 50GJL DE LAS MINAS TIJ,31.97498165,-116.65484
6287412,OXXO SUC 50GJP POLVORA MXL,32.55278027,-115.2145347
6780473,OXXO SUC 50GKN NUEVA CALI TIJ,31.71602714,-116.571828
6284774,OXXO SUC 50GKR GRANADA MXL,32.59833134,-115.4613601
6287085,OXXO SUC 50GLI LA GLORIA TIJ,32.44715169,-117.0096246
6287201,OXXO SUC 50GLT GALATEA MXL,32.60753111,-115.4790418
6796427,OXXO SUC 50GMB NIDO MXL,32.65769862,-115.4476594
6780588,OXXO SUC 50GMJ SAN ADRIAN MXL,32.63771124,-115.4086981
6288380,OXXO SUC 50GMO CONSTITUCION TIJ,32.52957653,-117.0377921
6282669,OXXO SUC 50GNK IGNACIO ALLENDE TIJ,31.9134365,-116.5857554
6287202,OXXO SUC 50GNN GOMEZ MORIN MXL,32.61446892,-115.4261267
9441477,OXXO SUC 50GQ9 LORETOS TIJ,32.46620861,-116.9375796
6285893,OXXO SUC 50GRY ARROYO TIJ,31.78672197,-116.5653502
6285141,OXXO SUC 50GSB BALAREZO TIJ,32.51942828,-117.0240371
6285106,OXXO SUC 50GSD CAMPESTRE GAS MXL,32.58422503,-115.4291476
6288351,OXXO SUC 50GSM CARMEN MXL,32.66179199,-115.4914761
6725443,OXXO SUC 50GSU ACACIAS MXL,32.64416262,-115.4467601
6285049,OXXO SUC 50GSX CENTINELA TIJ,32.48725085,-116.8637937
6285128,OXXO SUC 50GSY CULIACAN II MXL,32.66335814,-115.4333942
6287377,OXXO SUC 50GUI AGUILA TIJ,32.49923997,-116.9039296
6282753,OXXO SUC 50GVC GPE VICTORIA MXL,32.28932878,-115.1026503
6790433,OXXO SUC 50GWH FELIPE ANGELES TIJ,32.53290426,-116.3463329
6285046,OXXO SUC 50GWJ ZIRCON TIJ,32.39948557,-116.9422784
9332918,OXXO SUC 50GWT BRACAMONTES TIJ,32.48024949,-116.9899191
6288394,OXXO SUC 50GWX ALAMEDA TIJ,31.87945808,-116.590209
6780459,OXXO SUC 50GYE PLAYA HERMOSA TIJ,31.83167191,-116.6090506
6288383,OXXO SUC 50GYI LOS GLOBOS TIJ,31.86534402,-116.6035617
6282712,OXXO SUC 50GYQ ALAMO MXL,32.66988817,-115.3941608
6287342,OXXO SUC 50GYZ GIRASOL TIJ,32.49497586,-116.9020164
9435518,OXXO SUC 50H0B VILLANUEVA TIJ,32.51755142,-116.7786411
9419642,OXXO SUC 50H25 TOPACIO TIJ,32.50981832,-117.0499902
9466357,OXXO SUC 50H6Q XICO TIJ,32.55317051,-116.8839422
9444047,OXXO SUC 50H7H SAUCO TIJ,32.45808311,-116.9191798
6287063,OXXO SUC 50HAR HACIENDA DEL REAL MXL,32.61108759,-115.4871205
6282785,OXXO SUC 50HAW HAWAI MXL,32.61824367,-115.4885645
6787810,OXXO SUC 50HBM FORTALEZA TIJ,32.51569576,-116.8676476
6288362,OXXO SUC 50HCZ CATAVINA TIJ,32.40555849,-116.7332964
6283526,OXXO SUC 50HDO HIPODROMO TIJ,32.5039786,-116.9987105
6287428,OXXO SUC 50HFD FE TIJ,32.44761453,-117.0427865
6287337,OXXO SUC 50HGY NUEVO LEON TIJ,32.56426106,-116.6262113
6286153,OXXO SUC 50HHH LAGO TIJ,32.5080535,-116.9261639
9409123,OXXO SUC 50HI9 EUGENIA TIJ,32.51520885,-116.8920075
6285941,OXXO SUC 50HIN RHIN MXL,32.62178854,-115.5252158
6283173,OXXO SUC 50HIP HIPICO MXL,32.6686865,-115.4325274
6282710,OXXO SUC 50HJF DEL ROBLE MXL,32.6026156,-115.3581982
6282740,OXXO SUC 50HKA PUERTA DE ALCALA MXL,32.65064915,-115.3849225
6284784,OXXO SUC 50HNB EL MIRADOR TIJ,32.53303078,-117.0902271
6282719,OXXO SUC 50HNF MONTALBO MXL,32.58508974,-115.4729443
6287333,OXXO SUC 50HNG EL HONGO TIJ,32.51489094,-116.3059626
6287363,OXXO SUC 50HNO GRANADO TIJ,32.40866163,-116.9629128
9443902,OXXO SUC 50HOD TAMPICO MXL,32.64415607,-115.4864692
6288379,OXXO SUC 50HOX LINCOLN TIJ,32.52229303,-117.0137166
6287203,OXXO SUC 50HRI HACIENDA DEL RIO MXL,32.61130259,-115.3775357
6285161,OXXO SUC 50HRV MARITIMO TIJ,32.48917531,-116.9371284
6287393,OXXO SUC 50HRZ JOSE HAROZ TIJ,32.36591959,-117.0543834
6851183,OXXO SUC 50HS9 MOCTEZUMA TIJ,32.47631969,-116.9738751
6286124,OXXO SUC 50HTA SANCHEZ TABOADA TIJ,32.46941556,-116.9724906
6282762,OXXO SUC 50HUQ HUIQUINO MXL,32.57757022,-115.3769406
6282656,OXXO SUC 50HXW DEL MAR TIJ,31.82561177,-116.6006886
6286134,OXXO SUC 50HYH LA MARQUE TIJ,32.52019478,-117.0872063
6286250,OXXO SUC 50HZM ALAMAR TIJ,32.51319607,-116.9616096
6852022,OXXO SUC 50I17 2 DE OCTUBRE MXL,32.66461368,-115.4051807
6780624,OXXO SUC 50I1J TURIN TIJ,32.52798206,-117.060312
6288402,OXXO SUC 50IAP PRIMO TAPIA TIJ,32.22464429,-116.9181696
6282735,OXXO SUC 50IBA ISABA MXL,32.57858602,-115.4712031
6287111,OXXO SUC 50IBE ISABELA TIJ,32.51033806,-116.8751104
6282744,OXXO SUC 50IED 16 DE SEPTIEMBRE MXL,32.62469476,-115.4294677
6285156,OXXO SUC 50IGF MARTIRES TIJ,32.48133035,-117.0373832
6282769,OXXO SUC 50IGN SAN IGNACIO MXL,32.65449952,-115.5342554
6284031,OXXO SUC 50IHX RUIZ CORTINEZ TIJ,32.53093303,-117.0119409
6287286,OXXO SUC 50IJC CASTIBLANCO MXL,32.57843682,-115.4798959
9396562,OXXO SUC 50ILF SANTA CECILIA MXL,32.61122603,-115.4629752
6288410,OXXO SUC 50ILK CAMPINA TIJ,32.46659865,-116.9161132
6288412,OXXO SUC 50IMV PALMA REAL TIJ,32.3890324,-116.9596999
6287372,OXXO SUC 50INL INDUSTRIAL TIJ,32.53786791,-116.9189969
6851492,OXXO SUC 50IQ0 MICHOACAN TIJ,32.54885192,-116.8949576
6780511,OXXO SUC 50ISZ HERES MXL,32.61394691,-115.3688651
6283356,OXXO SUC 50ITN INSURGENTES TIJ,32.50527086,-116.9538371
6288343,OXXO SUC 50ITP ISLAS AGRARIAS MXL,32.61405173,-115.3267507
6780521,OXXO SUC 50ITT PLUVIAL TIJ,32.49385984,-117.0693794
6282739,OXXO SUC 50IVM MONTECARLO IV MXL,32.64616598,-115.3920273
6287436,OXXO SUC 50IWT MERCADO LA FE TIJ,32.44239025,-117.0283578
6282743,OXXO SUC 50IWW TAPICEROS MXL,32.65279048,-115.4612058
6282714,OXXO SUC 50IWY LAS GARZAS MXL,32.66944614,-115.4029052
6287336,OXXO SUC 50IXB MIXCOAC TIJ,32.57107953,-116.6116901
6283615,OXXO SUC 50IXP INDEPENDENCIA TIJ,32.52528797,-117.0452555
6282799,OXXO SUC 50IYJ JARDIN TECATE TIJ,32.57315577,-116.6313605
6283184,OXXO SUC 50IZS INSURGENTES II MXL,32.62969765,-115.4231344
9424095,OXXO SUC 50J2Z CUENCA DIAZ MXL,32.61071198,-115.5044438
9400155,OXXO SUC 50J3D LILA TIJ,32.47755419,-116.8467486
6852023,OXXO SUC 50J6T VICENTE TIJ,32.49169311,-116.8844394
6283229,OXXO SUC 50JAL JARDINES DEL LAGO MXL,32.62394495,-115.4863258
6283618,OXXO SUC 50JAN JARDIN TIJ,32.50860548,-117.0630194
6287378,OXXO SUC 50JBT JIBARITO TIJ,32.48124219,-117.0753014
6287434,OXXO SUC 50JCD JACARANDA TIJ,32.43463615,-117.0653425
6282921,OXXO SUC 50JCQ CARRASCO TIJ,32.50145403,-116.9704701
6282925,OXXO SUC 50JCW BRAVO TIJ,32.48618946,-117.0274623
6285889,OXXO SUC 50JDR ALEJANDRITA MXL,32.58733464,-115.3540217
6287322,OXXO SUC 50JDS ROSA DEL DESIERTO MXL,32.58243817,-115.3561954
6282943,OXXO SUC 50JFQ ALFA TIJ,32.53546322,-117.0378155
6282660,OXXO SUC 50JGK GALEON TIJ,31.86174525,-116.5951555
6282954,OXXO SUC 50JGQ DE LAS GRANJAS TIJ,32.49117508,-116.9287535
6284027,OXXO SUC 50JHF MUJICA TIJ,32.52800232,-116.9479293
6284785,OXXO SUC 50JIE PARAISO TIJ,32.50896017,-116.9865418
6286168,OXXO SUC 50JIL LAS VILLAS TIJ,32.53006776,-116.8998335
6287316,OXXO SUC 50JKC SANTA ISABEL MXL,32.58905252,-115.5796808
6288358,OXXO SUC 50JLB OMEGA TIJ,32.46172087,-116.9635172
6282939,OXXO SUC 50JLD RAYON TIJ,32.52642911,-117.0410768
6852045,OXXO SUC 50JM1 MARTE TIJ,32.46250723,-116.9772592
9409124,OXXO SUC 50JM3 AZALEA TIJ,32.52111424,-116.7788386
6287101,OXXO SUC 50JMT MATAMOROS III TIJ,32.51943914,-116.8643164
6282717,OXXO SUC 50JNQ LIMONERO MXL,32.56215076,-115.4205217
6285950,OXXO SUC 50JON VALLE VISTA TIJ,32.5232452,-116.9313558
6282940,OXXO SUC 50JOW SIETE TIJ,32.4683515,-116.9255032
6282944,OXXO SUC 50JPL ARCOS TIJ,32.51351894,-116.8545758
6285910,OXXO SUC 50JPR DEL PRADO MXL,32.57859833,-115.4769914
6285924,OXXO SUC 50JPT PORTALES MXL,32.59527717,-115.5043248
6282936,OXXO SUC 50JPW PAPO TIJ,32.52904907,-117.0271849
6286133,OXXO SUC 50JQA JAZMINES TIJ,32.48873597,-116.982805
6284786,OXXO SUC 50JQJ JAUJA TIJ,32.48140378,-116.9529676
6288411,OXXO SUC 50JSC LOS VALLES TIJ,32.3905026,-116.9558215
6287380,OXXO SUC 50JSD ARA TIJ,32.46036671,-116.8740929
6287351,OXXO SUC 50JSF LOMA BLANCA TIJ,32.42013249,-117.0291744
6287332,OXXO SUC 50JSN CENTRO URBANO TIJ,32.56596223,-116.6318447
6287416,OXXO SUC 50JSO CUCHILLA TIJ,32.56696013,-116.6092495
6287432,OXXO SUC 50JSP VALLE EUGENIA TIJ,32.3950199,-116.9552602
9395770,OXXO SUC 50JU6 NUEVO MILENIO TIJ,32.4920199,-117.0648391
6286075,OXXO SUC 50JUE ARANJUEZ TIJ,32.50597958,-116.8677289
6287088,OXXO SUC 50JUL SANTA JULIA TIJ,32.49566985,-117.0528384
6285931,OXXO SUC 50JUP GPE. VICTORIA TIJ,32.47744188,-116.8761992
6283393,OXXO SUC 50JUS JUSTO SIERRA MXL,32.66526478,-115.4526411
6287062,OXXO SUC 50JUV JUVENTUD 2000 MXL,32.60214935,-115.4727083
6282961,OXXO SUC 50JUX GAONA TIJ,32.52073749,-117.048331
6285134,OXXO SUC 50JWF SAN FRANCISCO TIJ,32.48699177,-116.8471778
6284030,OXXO SUC 50JWG MAYA TIJ,32.50201845,-117.0389716
6287381,OXXO SUC 50JWY JARAGUAY TIJ,32.50028569,-116.9171508
6283641,OXXO SUC 50JXC JALISCO TIJ,32.49222739,-116.9554305
6780640,OXXO SUC 50JXG TOLEDO TIJ,32.50845156,-116.862882
6285135,OXXO SUC 50JXM OLIMPO TIJ,32.52675573,-117.0887707
6285159,OXXO SUC 50JXN ZAFIRO TIJ,32.50045377,-116.8493601
6283762,OXXO SUC 50JXX JARDINES MXL,32.64396842,-115.4444958
6288354,OXXO SUC 50JYI GINEBRA MXL,32.62367765,-115.4850171
6286145,OXXO SUC 50JYK ISLA TIJ,32.43817807,-117.0400263
6282767,OXXO SUC 50JZJ JAZMINEZ MXL,32.60288562,-115.5679658
9395771,OXXO SUC 50K13 ASTRAL TIJ,32.4640911,-116.8988312
9409150,OXXO SUC 50K3L OJO DE AGUA TIJ,32.47898823,-116.7915949
9409152,OXXO SUC 50K6O CARTAGENA TIJ,32.42644515,-116.9594426
6851995,OXXO SUC 50K7H MISTICO TIJ,32.48801545,-117.0900403
9419477,OXXO SUC 50K7K BAJA CALIFORNIA MXL,32.66176117,-115.5018119
9413774,OXXO SUC 50K7M VICENTE SUAREZ MXL,32.6488767,-115.4217637
9419661,OXXO SUC 50K7Q RUPESTRE TIJ,32.5238505,-116.0600014
9400515,OXXO SUC 50KA1 FERROCARRILEROS MXL,32.64333125,-115.468749
6285915,OXXO SUC 50KDI DIAMANTE TIJ,31.85744876,-116.59283
6287319,OXXO SUC 50KDJ REP. ARGENTINA MXL,32.66891003,-115.4293223
6285908,OXXO SUC 50KDR CONDOR MXL,32.59060268,-115.3854146
6286163,OXXO SUC 50KEM EMPERADORES TIJ,32.48749263,-116.9607416
6285025,OXXO SUC 50KFY DEL PUERTO TIJ,31.85870691,-116.5849499
6287139,OXXO SUC 50KHO CACHO TIJ,32.5218071,-117.0240795
6780585,OXXO SUC 50KIK CETYS TIJ,32.50199658,-116.9275915
6286152,OXXO SUC 50KIR RIBERA TIJ,32.5356252,-116.8713258
6287386,OXXO SUC 50KJL SAN LUIS TIJ,32.43154287,-116.9539941
6282750,OXXO SUC 50KJS CERRO PRIETO MXL,32.55967009,-115.3586708
6287421,OXXO SUC 50KJW CENTENARIO TIJ,32.53311609,-117.0472796
6286141,OXXO SUC 50KLF LA PERLA TIJ,32.51621972,-117.1198603
6854712,OXXO SUC 50KM1 OLIVOS TIJ,32.46595386,-116.9810863
6285937,OXXO SUC 50KNK PANASONIC TIJ,32.53881341,-116.9136849
6780441,OXXO SUC 50KQO EL OASIS TIJ,30.76378824,-116.0086041
6284782,OXXO SUC 50KRF CANTU TIJ,32.48259649,-117.0367403
6287379,OXXO SUC 50KTE TECOLOTE TIJ,32.45651455,-116.9950717
6287442,OXXO SUC 50KTH CATARINA TIJ,32.52151059,-116.9251796
6282775,OXXO SUC 50KTK TECAMACHALCO MXL,32.56805632,-115.3724629
6282755,OXXO SUC 50KTX CITAL MXL,32.62557182,-115.431893
6288375,OXXO SUC 50KUB MEXICO LINDO TIJ,32.4688304,-116.9324513
6288409,OXXO SUC 50KUD SINALOA TIJ,32.52325995,-116.9313262
6854813,OXXO SUC 50KUG CAMPO MILITAR TIJ,30.52722559,-115.9409572
6701392,OXXO SUC 50KUK BOTANERO TIJ,32.53758213,-117.0419177
6780450,OXXO SUC 50KUX MARINEROS TIJ,31.87513205,-116.6048906
6780458,OXXO SUC 50KVT CFE TIJ,31.87566988,-116.6204117
6285142,OXXO SUC 50KWD MARQUES TIJ,32.38332894,-116.9358525
6287357,OXXO SUC 50KXE MARGARITAS TIJ,32.51375954,-116.8807595
6286142,OXXO SUC 50KXK ABRAHAM GONZALEZ TIJ,32.51297434,-117.0573206
6287256,OXXO SUC 50KYL KILIWAS TIJ,31.89857798,-116.5708089
6288344,OXXO SUC 50KYY SANTA ANITA MXL,32.62733341,-115.3879405
6780663,OXXO SUC 50KZH CALZ. LAS HACIENDAS MXL,32.58735124,-115.4930626
6855001,OXXO SUC 50KZN MISION DEL VALLE MXL,32.62768532,-115.3928273
6282918,OXXO SUC 50KZQ COSTA DORADA TIJ,32.44510462,-117.0330195
9419487,OXXO SUC 50L1J 27 DE SEPTIEMBRE MXL,32.63466209,-115.5104972
6850922,OXXO SUC 50L48 SAN JUDAS TIJ,32.50187952,-117.0730424
9452661,OXXO SUC 50L56 ASEGURADORES TIJ,31.855056,-116.5672651
9456824,OXXO SUC 50L6M COSTA RICA TIJ,32.45244744,-116.9912046
6850923,OXXO SUC 50L6R SAUCILLO TIJ,32.475647,-116.8370211
6848529,OXXO SUC 50L7W ISLA TIBURON MXL,32.61835219,-115.4825441
9400172,OXXO SUC 50L9M FLORES MAGON TIJ,32.48342142,-117.0786917
9400173,OXXO SUC 50L9P BAJA CALIFORNIA TIJ,32.46976445,-116.9824034
9435557,OXXO SUC 50L9R DALIAS TIJ,32.52098703,-116.8901453
6791785,OXXO SUC 50LBU TENOCH TIJ,32.52052805,-117.0837363
6814171,OXXO SUC 50LBX TORTUGAS TIJ,32.51293063,-116.8929772
6703665,OXXO SUC 50LCF FABIOLA TIJ,32.50330163,-116.9768424
6287287,OXXO SUC 50LCP LARROQUE MXL,32.65798925,-115.4706451
6780651,OXXO SUC 50LDY BALTICO TIJ,32.53462782,-117.0615257
6286756,OXXO SUC 50LEX EXTRANGERA MXL,32.65183229,-115.4610091
9332297,OXXO SUC 50LHZ LIENZO CHARRO TIJ,32.36082698,-117.059048
6283676,OXXO SUC 50LIM LIMON TIJ,32.4671405,-116.805025
6287338,OXXO SUC 50LJD LINEA TECATE TIJ,32.57506265,-116.6272581
6282891,OXXO SUC 50LJR SONORA TIJ,32.49700045,-116.975947
6286254,OXXO SUC 50LKK EL ROSARIO TIJ,32.43282792,-117.0421405
6287289,OXXO SUC 50LLO EL LIENZO MXL,32.64047603,-115.418356
6286128,OXXO SUC 50LLU LLUVIA TIJ,32.51625471,-117.112366
6286144,OXXO SUC 50LMW LOMITAS TIJ,31.89167692,-116.5868421
6287272,OXXO SUC 50LOE LOS ENCINOS MXL,32.57399557,-115.4076229
6728877,OXXO SUC 50LOJ DUARA MXL,32.65363128,-115.3796501
6285925,OXXO SUC 50LOT RIO ELOTA MXL,32.62499417,-115.4275735
6286082,OXXO SUC 50LOY LOYOLA TIJ,31.85152345,-116.6093242
6284787,OXXO SUC 50LQA CASA GRANDE TIJ,32.46035503,-116.8740458
6282782,OXXO SUC 50LQD LOMBARDO II MXL,32.59807757,-115.4718878
6282738,OXXO SUC 50LQM MISION DEL ANGEL MXL,32.58586943,-115.4360717
9424103,OXXO SUC 50LR0 ALMA MXL,32.66547045,-115.4773222
6283639,OXXO SUC 50LSC LAZARO CARDENAS TIJ,32.49686479,-116.9689492
6283435,OXXO SUC 50LTY LETY MXL,32.6539332,-115.4328916
6780625,OXXO SUC 50LU3 DOMINGUEZ TIJ,32.53990319,-117.0112632
6286074,OXXO SUC 50LUB LUCIO BLANCO TIJ,32.38422697,-117.0571879
6282965,OXXO SUC 50LWQ LEGAL TIJ,32.51526437,-116.9837363
6282905,OXXO SUC 50LWW SILVA TIJ,32.54596673,-116.9090567
6282745,OXXO SUC 50LXK ATLIXCO MXL,32.56766427,-115.3366927
6283185,OXXO SUC 50LZA LAZARO CARDENAS MXL,32.62471546,-115.4231231
6851078,OXXO SUC 50M3Q PALERMO TIJ,32.45077976,-117.0381688
9403659,OXXO SUC 50M5L LAGUNA CAMPESTRE,32.57131143,-115.4287192
9462278,OXXO SUC 50M5S MALINCHE TIJ,32.5154795,-117.015592
9409153,OXXO SUC 50M64 MESA REDONDA TIJ,32.36341736,-116.9210516
6788612,OXXO SUC 50M6U CENTAURO DEL NORTE MXL,32.61971366,-115.498819
9403660,OXXO SUC 50M9P BONET MXL,32.5840892,-115.3424071
6780519,OXXO SUC 50MAT VIKINGO TIJ,32.51494615,-117.0715562
6780498,OXXO SUC 50MBX DEL CARMEN TIJ,31.71603228,-116.5718293
6792300,OXXO SUC 50MCG LOMA TOVA TIJ,32.54023355,-116.4165463
6283175,OXXO SUC 50MDR MADERO MXL,32.66671461,-115.4602692
6286131,OXXO SUC 50MFL MIGUEL ALEMAN TIJ,32.49177977,-116.91435
6287275,OXXO SUC 50MFO LAS CALIFORNIAS MXL,32.5980853,-115.4186015
6282966,OXXO SUC 50MFX MALOF TIJ,32.53604958,-117.0385843
6286136,OXXO SUC 50MGK MAGNOLIAS TIJ,32.46304769,-116.8299274
6787565,OXXO SUC 50MGM BARCENAS MXL,32.59441035,-115.3411039
9462279,OXXO SUC 50MGP KENNEDY TIJ,31.88255788,-116.6141886
6796889,OXXO SUC 50MHP NATURA MXL,32.60544875,-115.3581834
6286595,OXXO SUC 50MHV SANTA CECILIA TIJ,32.56237168,-116.603752
6287294,OXXO SUC 50MIL COLEGIO MILITAR MXL,32.64602201,-115.505739
6283124,OXXO SUC 50MIS MISION TIJ,32.5278517,-117.0724206
6286173,OXXO SUC 50MJG MONTANA TIJ,32.43488495,-117.0305708
6285151,OXXO SUC 50MJT SUCHIATE TIJ,32.50525074,-116.9337826
6285144,OXXO SUC 50MLF MONTEBELLO TIJ,32.42384148,-116.9430922
6286594,OXXO SUC 50MLJ MULEGE TIJ,32.52638601,-117.0650496
6287284,OXXO SUC 50MME AMERICAS MXL,32.66291965,-115.4397661
6286757,OXXO SUC 50MMO MOCORITO MXL,32.63427167,-115.4345395
6287262,OXXO SUC 50MNK MINA TIJ,31.85861809,-116.6006971
6287066,OXXO SUC 50MNN NARANJOS II MXL,32.5898846,-115.4441891
6287310,OXXO SUC 50MNR MONARCAS MXL,32.59512042,-115.4825843
6283469,OXXO SUC 50MOI INDEPENDENCIA MXL,32.63922088,-115.4324119
6282766,OXXO SUC 50MOW MORO MXL,32.65322838,-115.3855131
6287263,OXXO SUC 50MPF MACHEROS TIJ,31.86768699,-116.6227176
6287260,OXXO SUC 50MQQ MEXICO TIJ,31.87112278,-116.5955563
6283258,OXXO SUC 50MTJ MATAMOROS TIJ,32.48760864,-116.8809631
6287285,OXXO SUC 50MVR VILLAS DE REY II MXL,32.60101866,-115.4831951
6285115,OXXO SUC 50MWN OCOTLAN MXL,32.63327014,-115.4939097
6287444,OXXO SUC 50MWO MISIONES MXL,32.63471058,-115.5602611
6850356,OXXO SUC 50MX7 ALTATA TIJ,32.5250195,-116.9337393
6780621,OXXO SUC 50MZH CUBA MXL,32.66252225,-115.4519427
6287064,OXXO SUC 50MZO MONZON MXL,32.5910237,-115.4787292
6780501,OXXO SUC 50MZP SUPER MICHIGAN MXL,32.65636517,-115.5057094
6286078,OXXO SUC 50MZT MAZATLAN TIJ,32.34647289,-117.0471922
6287362,OXXO SUC 50MZY MANZANILLA TIJ,32.4056792,-116.9712588
9402190,OXXO SUC 50N4E LAZARO TIJ,32.55840311,-116.6216879
6852024,OXXO SUC 50N7G SANTA CRUZ MXL,32.65531873,-115.4349453
9409154,OXXO SUC 50N9C COYOACAN TIJ,31.84208584,-116.6031521
6282723,OXXO SUC 50NBV LAGOS DEL SOL II MXL,32.58929297,-115.4496532
6285105,OXXO SUC 50NBY CARPINTEROS MXL,32.65473707,-115.4611956
9419662,OXXO SUC 50NCA CUENCA TIJ,32.35354122,-117.0497516
6285112,OXXO SUC 50NCD SAN JUAN MXL,32.62191786,-115.5139958
6286759,OXXO SUC 50NCI NACOZARI MXL,32.64169105,-115.4600168
6287391,OXXO SUC 50NCK NACIONALISTA TIJ,31.72277339,-116.5731872
6288398,OXXO SUC 50NCL DIF TIJ,31.86246814,-116.6154698
9419663,OXXO SUC 50NCY NACIONAL TIJ,32.48428501,-117.0187688
6282722,OXXO SUC 50NDB MIRABUENO MXL,32.57295285,-115.4846308
6288364,OXXO SUC 50NDQ UNIVERSITARIO TIJ,32.5685925,-116.6253407
9405374,OXXO SUC 50NE5 POLIDEPORTIVO TIJ,32.57136042,-116.6202862
6288356,OXXO SUC 50NEI SAN IGNACIO TIJ,32.56696855,-116.6092093
6288392,OXXO SUC 50NEJ BLANCARTE TIJ,31.8697473,-116.617739
6287231,OXXO SUC 50NFV TECATE INDUSTRIAL TIJ,32.57051418,-116.603844
6723101,OXXO SUC 50NHS TAP TIJ,32.5013853,-116.9388404
6285938,OXXO SUC 50NHY LAS TEJAS TIJ,32.40004126,-117.0522416
6287119,OXXO SUC 50NIX NOVENA TIJ,31.86987479,-116.6186503
6282655,OXXO SUC 50NKT ATUNERAS TIJ,31.89056962,-116.69232
6286161,OXXO SUC 50NLV NAVAL TIJ,31.84659479,-116.6086471
6282778,OXXO SUC 50NMT MONTES DE TOLEDO MXL,32.59138218,-115.4759562
6285897,OXXO SUC 50NNY BUNNYS MXL,32.28314328,-115.105649
6282903,OXXO SUC 50NQP PENINSULA TIJ,32.50572364,-116.954621
6780594,OXXO SUC 50NQS CONTINENTE AMERICANO MXL,32.63808224,-115.5101721
9409155,OXXO SUC 50NR6 DECIMO CUARTA TIJ,32.50426867,-116.3081085
6845405,OXXO SUC 50NRH TUXTLA GUTIERREZ MXL,32.6560035,-115.4967248
6288404,OXXO SUC 50NRM LOS PANCHOS TIJ,32.3841141,-117.0571954
6286760,OXXO SUC 50NRN LOS NARANJOS MXL,32.59091163,-115.4388733
6288414,OXXO SUC 50NRQ CRUZ ROJA TIJ,32.50737886,-116.9639317
6287383,OXXO SUC 50NTJ NUEVA TIJUANA TIJ,32.53767684,-116.9303363
6285119,OXXO SUC 50NUA ZACATECANO MXL,32.62960485,-115.468997
6851079,OXXO SUC 50NVA NOVENA MXL,32.60688483,-115.388941
6287311,OXXO SUC 50NVO PUEBLO NUEVO MXL,32.65391378,-115.5042948
6282962,OXXO SUC 50NWG GAYOSSO TIJ,32.53217636,-117.038118
6282800,OXXO SUC 50NXN SANTA ROSA TIJ,32.56718966,-116.6473393
6282928,OXXO SUC 50NZD TEMPLADO TIJ,32.38946639,-116.9359673
6284791,OXXO SUC 50NZX TIJUANA MXL,32.58361289,-115.5736109
9465745,OXXO SUC 50O09 OAXACA TIJ,32.4991376,-116.8759816
9419695,OXXO SUC 50O1B PISTACHO TIJ,32.5088344,-116.7414926
9411721,OXXO SUC 50O26 SABINO TIJ,32.47976777,-116.8394667
6851493,OXXO SUC 50O2C NARANJO TIJ,32.565444,-116.6497451
9395701,OXXO SUC 50O4K GENERACION 2000 TIJ,32.42827631,-116.9399503
6851080,OXXO SUC 50O7D ACAPULCO TIJ,31.83283669,-116.6013167
9435463,OXXO SUC 50O7E CONCE TIJ,32.53991616,-116.8790043
9400117,OXXO SUC 50O7F CELAYA TIJ,32.50582128,-116.8761145
6854882,OXXO SUC 50O7T COCULA TIJ,32.47530116,-116.9250203
9400118,OXXO SUC 50O8F SPRINGS TIJ,32.48944523,-117.0092928
6287277,OXXO SUC 50OAL ALAMITOS MXL,32.66980641,-115.4263571
9409072,OXXO SUC 50OB6 ZARAGOZA TIJ,32.52724014,-117.0327187
6283536,OXXO SUC 50OBE OBRERA TIJ,32.49924751,-117.0371139
6285044,OXXO SUC 50OBM LIMAS TIJ,32.45930587,-116.8224956
6287120,OXXO SUC 50OCB CASA BLANCA TIJ,32.501836,-116.8985432
6283122,OXXO SUC 50OCH COSTA HERMOSA TIJ,32.51157842,-117.1201234
6283800,OXXO SUC 50ODR DEL ROCIO TIJ,32.52505865,-117.1198768
6287439,OXXO SUC 50ODY ESCONDIDA TIJ,32.48536256,-116.9905943
6845714,OXXO SUC 50OE1 CAMINO VIEJO MXL,32.61314087,-115.4928482
6287125,OXXO SUC 50OFV FRANCISCO VILLA TIJ,32.50698536,-117.0554728
6780566,OXXO SUC 50OFX CASA BLANCA MXL,32.59645504,-115.3889753
6851081,OXXO SUC 50OG1 CASPIO TIJ,32.47366816,-116.978482
6287278,OXXO SUC 50OGD OLMOS MXL,31.02861269,-114.8519475
6283651,OXXO SUC 50OGR GRANJAS MXL,32.56056772,-115.4196668
6287126,OXXO SUC 50OHA HACIENDA TIJ,32.45654227,-116.8877804
6282734,OXXO SUC 50OHB HDA. DEL BOSQUE MXL,32.59470072,-115.4701924
6287068,OXXO SUC 50OHD HACIENDA DORADA MXL,32.63488527,-115.3922016
6285932,OXXO SUC 50OHL HOLANDA MXL,32.60374563,-115.3802485
6287371,OXXO SUC 50OJD JARDIN DORADO TIJ,32.523748,-116.8908772
9469363,OXXO SUC 50OK3 PASTEJE TIJ,32.53276734,-116.9880866
6287437,OXXO SUC 50OKV OVIEDO TIJ,32.53470665,-117.0094395
6286079,OXXO SUC 50OLF LAS FUENTES TIJ,32.47014192,-116.8450401
6283805,OXXO SUC 50OLL VILLA FLORIDA MXL,32.60445433,-115.3649641
6287102,OXXO SUC 50OLO LOBOS TIJ,32.50301069,-116.9034965
6283514,OXXO SUC 50OLR LOS REYES TIJ,32.45274134,-116.9297478
6283653,OXXO SUC 50OMH MICHOACAN MXL,32.65612489,-115.496838
6287271,OXXO SUC 50OMI MARIA MXL,32.62918532,-115.4455465
6287077,OXXO SUC 50ONN NACIONES UNIDAS MXL,32.6304986,-115.5139041
6287266,OXXO SUC 50ONU UNION MXL,32.61173968,-115.4793802
6283647,OXXO SUC 50ONV UNIVERSIDAD MXL,32.63426349,-115.4474412
6282938,OXXO SUC 50OQL PLATEADO TIJ,32.53306409,-117.0487655
6282959,OXXO SUC 50OQN ERMITA NORTE TIJ,32.51161526,-116.9719923
6283620,OXXO SUC 50OQR QUINTANA ROO TIJ,32.52498497,-117.0278369
6282935,OXXO SUC 50OQT OCTAVA TIJ,32.52955736,-117.0377897
6282963,OXXO SUC 50OQY GRIJALVA TIJ,32.52382927,-117.0206531
6718594,OXXO SUC 50ORO PERLA NEGRA MXL,32.58778444,-115.3895709
6287149,OXXO SUC 50OTO ALTOS II TIJ,32.52769606,-117.0814848
6282952,OXXO SUC 50OUJ CORTIJO TIJ,32.53308246,-117.0715762
6282950,OXXO SUC 50OUL CHOLULA TIJ,32.48577837,-116.8532485
6282915,OXXO SUC 50OUO ROBINS TIJ,32.53398708,-117.0369078
6282902,OXXO SUC 50OUP PONIENTE TIJ,32.50993413,-116.9642981
6283638,OXXO SUC 50OVA VALLE VERDE II TIJ,32.51370401,-116.8754616
6713262,OXXO SUC 50OVE VENECIA TIJ,32.51053393,-116.8720855
6282913,OXXO SUC 50OWP GAXIOLA TIJ,32.50523036,-116.9776994
6282652,OXXO SUC 50OWQ COSTERO TIJ,31.83621867,-116.6099498
6287370,OXXO SUC 50OXK ONIX TIJ,32.49717577,-117.0326601
6287290,OXXO SUC 50OXO XOCHIMILCO MXL,32.60413829,-115.4666852
6287270,OXXO SUC 50OXT ASTURIAS MXL,32.62724174,-115.5053634
6288357,OXXO SUC 50OYU ALASKA TIJ,32.52218184,-116.0637727
6848474,OXXO SUC 50P0P MONTES DE OCA MXL,32.64901779,-115.4178554
9409932,OXXO SUC 50P1J JARAMILLO TIJ,32.49334048,-116.9715311
9456795,OXXO SUC 50P1T SOLER TIJ,32.53736773,-117.0781732
9419560,OXXO SUC 50P5B CENTRAL DE ABASTOS TIJ,31.70742896,-116.6109799
6780495,OXXO SUC 50P69 CHIAPAS TIJ,32.51262105,-117.0411931
9449509,OXXO SUC 50P8D FERNANDEZ TIJ,32.5151756,-116.9472885
9435464,OXXO SUC 50PD8 MURILLO TIJ,31.81048817,-116.5966463
6283547,OXXO SUC 50PED PEDREGAL TIJ,32.53029115,-117.1151062
6286091,OXXO SUC 50PEN PLAYA ENCANTADA TIJ,32.31336334,-117.0460927
6286761,OXXO SUC 50PFC PERIFERICO MXL,32.66451852,-115.415738
6287382,OXXO SUC 50PJH PICACHO TIJ,32.52495146,-117.1124446
9456796,OXXO SUC 50PK1 EL MEXICANO TIJ,32.51311144,-116.9615817
6286252,OXXO SUC 50PKL DEL PRADO TIJ,32.40864484,-116.9626833
6287438,OXXO SUC 50PKN PADRE KINO TIJ,32.48481559,-117.0681309
6286167,OXXO SUC 50PKP ARCOIRIS TIJ,31.87758066,-116.575413
6717440,OXXO SUC 50PLB CUCHUMA TIJ,32.57081136,-116.6506363
6283548,OXXO SUC 50PLN PLAZA DEL NORTE TIJ,32.49417879,-116.883997
6283121,OXXO SUC 50PLY PLAYAS TIJ,32.51633926,-117.1162117
6286094,OXXO SUC 50PMD MODERNA TIJ,31.86939856,-116.6475334
6283412,OXXO SUC 50PNO LOS PINOS MXL,32.64899289,-115.4522374
6287118,OXXO SUC 50PNP PRINCIPAL TIJ,32.47330912,-116.8649425
6287366,OXXO SUC 50PNS PINOS TIJ,32.46437485,-116.929269
9426428,OXXO SUC 50PO8 COTO TIJ,32.47412357,-117.0384516
6286147,OXXO SUC 50POJ PUERTO NUEVO TIJ,32.24661139,-116.9366209
6286081,OXXO SUC 50POR PORTICOS DEL MAR TIJ,31.78336245,-116.5849364
6287422,OXXO SUC 50PQZ POLANCO TIJ,32.49121974,-116.8536976
6695483,OXXO SUC 50PRG PIEDRAS NEGRAS TIJ,31.87404565,-116.6091992
6854935,OXXO SUC 50PTP FRESERO TIJ,30.55939003,-115.9417421
6287291,OXXO SUC 50PTW PORTALES III MXL,32.59523438,-115.4942027
6287308,OXXO SUC 50PUO PAULINA MXL,32.6276825,-115.452169
6780685,OXXO SUC 50PUP PUENTE TIJ,32.50282129,-117.1214771
6287301,OXXO SUC 50PVR PORVENIR MXL,32.61727387,-115.5084807
9395702,OXXO SUC 50Q0O PINOS DE NAREZ TIJ,32.46999467,-116.9338725
9459705,OXXO SUC 50Q59 SIENA TIJ,32.45113162,-117.0514401
6851104,OXXO SUC 50Q7Q VASCONCELOS TIJ,32.54002428,-116.9271559
9419591,OXXO SUC 50Q7X CLINICA SEIS TIJ,32.54466011,-116.630065
6851082,OXXO SUC 50Q8P AGAVE TIJ,32.43616811,-116.9425572
6285945,OXXO SUC 50QAS SANTO DOMINGO MXL,32.63765493,-115.4135691
6285898,OXXO SUC 50QBC CABANA MXL,32.6362931,-115.4569924
6780506,OXXO SUC 50QBG MONTES TIJ,31.73331235,-116.5815441
6287356,OXXO SUC 50QDC DEL CEREZO TIJ,32.51323904,-116.7301809
6287440,OXXO SUC 50QDQ CORDILLERAS TIJ,32.42202138,-116.9672163
6282893,OXXO SUC 50QEG IMSS TIJ,32.53113892,-117.0448459
6282924,OXXO SUC 50QFX CUARZO TIJ,32.47983104,-117.036475
6284781,OXXO SUC 50QFZ SONOITA TIJ,32.51282641,-117.0124988
6780493,OXXO SUC 50QGK COMANDOS MXL,32.62194744,-115.5402522
6282653,OXXO SUC 50QGO POPULAR 89 TIJ,31.8961798,-116.5656414
6283167,OXXO SUC 50QGT CALLE F MXL,32.66067758,-115.4683928
6285936,OXXO SUC 50QIJ PALMAR MXL,32.62282123,-115.3899608
6780527,OXXO SUC 50QIR CAPORAL TIJ,32.37583885,-116.9318206
6286165,OXXO SUC 50QJU DIEGO ESQUIVEL TIJ,32.38411984,-117.0567791
6287423,OXXO SUC 50QKI DEL ALAMO TIJ,32.51168221,-116.7362766
6284974,OXXO SUC 50QKK PORTALES II MXL,32.59514891,-115.4987857
6282768,OXXO SUC 50QLN LUCERNA MXL,32.65625136,-115.5226025
6285160,OXXO SUC 50QLS MILENIO TIJ,32.49483437,-117.0614602
6288403,OXXO SUC 50QOF QUIROGA TIJ,32.44680269,-117.0041877
6787760,OXXO SUC 50QOG TEXCOCO TIJ,31.83341542,-116.6011266
6285935,OXXO SUC 50QOQ VILLA DEL CAMPO MXL,32.64852288,-115.5367743
6285912,OXXO SUC 50QQK MUERDAGO MXL,32.58767491,-115.4932046
6284779,OXXO SUC 50QRD ORDAZ TIJ,32.45880713,-116.9238842
6286762,OXXO SUC 50QRR QUINTANA ROO MXL,32.63922733,-115.4852909
6285944,OXXO SUC 50QSB SANTA BARBARA MXL,32.64676756,-115.5225373
6282990,OXXO SUC 50QSH SHARP TIJ,32.39263628,-117.0553596
6286164,OXXO SUC 50QTV ENCANTO NORTE TIJ,32.56537137,-116.6497227
6288401,OXXO SUC 50QUK CRISTAL TIJ,32.3692803,-117.0603369
6288367,OXXO SUC 50QUM LAS PALMAS TIJ,32.40098145,-116.7309002
6282651,OXXO SUC 50QUN QUINTA JUAREZ TIJ,31.86602405,-116.6215194
6287318,OXXO SUC 50QUT QUINTAS MXL,32.58251653,-115.4750903
6282937,OXXO SUC 50QUV PLACITA TIJ,32.49671866,-116.9687364
6282949,OXXO SUC 50QUX CHICHARO TIJ,32.40421292,-116.9432894
6287435,OXXO SUC 50QVK VOLCANES TIJ,32.42675359,-116.9684287
6288348,OXXO SUC 50QVU CHILPANCINGO MXL,32.64416464,-115.5004154
6287420,OXXO SUC 50QWB CASTILLO TIJ,32.53804561,-117.0572108
6287232,OXXO SUC 50QWC BUFADORA TIJ,31.90612575,-116.592489
6287427,OXXO SUC 50QWG ECOTAY TIJ,32.53382469,-116.952297
6287355,OXXO SUC 50QWO MANEADERO TIJ,31.72320563,-116.5737145
6282967,OXXO SUC 50QXH MAQUILADORA TIJ,32.54509111,-116.9174502
6288390,OXXO SUC 50QXI PLINTA TIJ,31.8375133,-116.5998402
6282941,OXXO SUC 50QXL TOLUCA TIJ,32.53166898,-116.9286622
6286166,OXXO SUC 50QXX SANTA FE TIJ,32.43376935,-117.0241739
6287443,OXXO SUC 50QYH CANTABRICA TIJ,32.42521433,-116.970211
6287424,OXXO SUC 50QYJ PORVENIR TIJ,32.52552348,-117.0711777
6287418,OXXO SUC 50QYK AGUA AZUL TIJ,32.48250823,-117.046559
6287419,OXXO SUC 50QYZ AZUELA TIJ,32.47150509,-116.9492137
6288377,OXXO SUC 50QZC ZONA NORTE TIJ,32.53814502,-117.0371725
9424104,OXXO SUC 50R16 COLOSO MXL,32.63482389,-115.5732151
9457252,OXXO SUC 50R5S PASEO DEL RIO TIJ,32.48945808,-116.9308897
9411759,OXXO SUC 50R64 PASCUAL TIJ,32.56954884,-116.6569837
9419604,OXXO SUC 50R8B EL PATO TIJ,32.5023787,-117.0522861
9435489,OXXO SUC 50R98 LAS FLORES TIJ,32.45547875,-116.9187248
6851083,OXXO SUC 50R9E LUIS ECHEVERRIA TIJ,31.71104408,-116.5701994
6287354,OXXO SUC 50RDV VALLE REDONDO TIJ,32.46483229,-116.8089563
6780428,OXXO SUC 50REP ARIAS TIJ,32.53624733,-117.051155
6287087,OXXO SUC 50RES CUMBRES TIJ,32.49086151,-117.0855246
6780611,OXXO SUC 50RFA TITANIUM TIJ,32.47490846,-116.8502066
6283636,OXXO SUC 50RFR REFORMA TIJ,32.46551192,-116.9541064
6285942,OXXO SUC 50RGL RIO SAN ANGEL MXL,32.57850788,-115.3672835
9346246,OXXO SUC 50RHB EL GRULLENSE TIJ,30.06245833,-115.7220528
6787737,OXXO SUC 50RI6 BAJA TIJ,32.35357246,-117.0498189
6283348,OXXO SUC 50RIT ROSARITO I TIJ,32.5106631,-117.0229241
6283357,OXXO SUC 50RJS JARS TIJ,32.51227915,-116.8963049
6780547,OXXO SUC 50RJT VOLUNTAD MXL,32.60213836,-115.5059947
9444123,OXXO SUC 50RL2 DEL BAJIO TIJ,32.47996559,-116.8310251
6283533,OXXO SUC 50RLD ROSALINDA TIJ,32.49016082,-117.0415962
6287388,OXXO SUC 50RLR FLORENCIA TIJ,32.43821536,-117.031559
6287429,OXXO SUC 50RLY ROYAL TIJ,32.53597102,-117.0401781
6709366,OXXO SUC 50RMB PLAZA QUINCE TIJ,32.50231874,-116.9720174
6282774,OXXO SUC 50RND BARCELONA MXL,32.60063624,-115.4938614
6287306,OXXO SUC 50RNU RIO NUEVO MXL,32.62409583,-115.472634
6287369,OXXO SUC 50RON CORONADO TIJ,32.53079485,-117.1127819
6283279,OXXO SUC 50RRE TORRES II TIJ,32.54890815,-116.8949137
6854878,OXXO SUC 50RTJ PRESIDENTES MXL,32.65782983,-115.4921982
6283227,OXXO SUC 50RUB RUBI MXL,32.63327635,-115.4939139
6285907,OXXO SUC 50RUM CENTRUM TIJ,32.53779442,-116.9202206
6285082,OXXO SUC 50RUX CHAPULTEPEC TIJ,32.50494734,-117.0071356
6286150,OXXO SUC 50RUY REVOLUCION TIJ,32.52990791,-117.0332575
6288378,OXXO SUC 50RUZ CECENA TIJ,32.53482084,-117.0214319
9456806,OXXO SUC 50RV1 PABLO NERUDA TIJ,32.46615359,-116.9373461
6287067,OXXO SUC 50RVC RIVERA CAMPESTRE MXL,32.58421556,-115.4297372
6287385,OXXO SUC 50RWW REAL DEL MAR TIJ,32.44822688,-117.0996538
6282798,OXXO SUC 50RXW RUMOROSA TIJ,32.53354268,-116.0599976
6288350,OXXO SUC 50RYD LA NACIONAL MXL,32.664759,-115.4869478
6285884,OXXO SUC 50RZG ABELARDO L. RDZ. MXL,32.66022192,-115.3743205
6282779,OXXO SUC 50RZL PRADERAS DEL SOL MXL,32.58125169,-115.3700786
6286092,OXXO SUC 50RZS TERRAZAS TIJ,32.45239602,-116.9183731
9396572,OXXO SUC 50S1R CHURUBUSCO MXL,32.63517514,-115.4428527
9411761,OXXO SUC 50S2I CBX TIJ,32.54687914,-116.9734373
6282771,OXXO SUC 50S2J CANITAS MXL,32.6350661,-115.4691763
6287302,OXXO SUC 50S2U COCODRILOS MXL,32.62396501,-115.5043344
9419489,OXXO SUC 50S9T MOCHIS MXL,32.63814386,-115.4881002
9424097,OXXO SUC 50SAN SAN MARCOS MXL,32.62400956,-115.4914009
6780433,OXXO SUC 50SBR ARENAS TIJ,30.5447839,-115.9372205
6287076,OXXO SUC 50SCL SANTA CLARA MXL,32.65625191,-115.5082884
6780530,OXXO SUC 50SDM LAGUNAS TIJ,32.44883429,-116.9967349
6286088,OXXO SUC 50SEO PASEOS TIJ,32.45989279,-116.8727308
6287343,OXXO SUC 50SEQ SEQUOIA TIJ,32.49502504,-116.9069491
9413768,OXXO SUC 50SF3 SAN CLEMENTE MXL,32.62929068,-115.5734341
6790834,OXXO SUC 50SFG TURQUESA TIJ,31.8505308,-116.5677774
6792298,OXXO SUC 50SFO SAN FERNANDO MXL,32.63206316,-115.4145306
6285143,OXXO SUC 50SHD ESTELA TIJ,32.52317875,-117.1231904
6285163,OXXO SUC 50SHH LOS CHARROS TIJ,32.50257984,-116.9730824
6287268,OXXO SUC 50SHM MONSERRAT MXL,32.57723169,-115.471273
6288363,OXXO SUC 50SIM CANANEA TIJ,32.4879285,-116.8403701
6287105,OXXO SUC 50SIQ SIQUEIROS MXL,32.62069473,-115.4113405
6287233,OXXO SUC 50SKK SCENIC ROAD TIJ,32.40869296,-117.0476343
6282971,OXXO SUC 50SKT SANTA CLARA TIJ,32.46803057,-117.004841
6790420,OXXO SUC 50SKV ROCHA TIJ,32.52160013,-117.0306374
6780517,OXXO SUC 50SLX MORITA TIJ,32.47307755,-116.8471494
6780531,OXXO SUC 50SMJ LOMA ROJA TIJ,32.46612672,-116.9374355
6286158,OXXO SUC 50SMK MILITAR TIJ,32.52858806,-116.9886207
9456468,OXXO SUC 50SMV MISION VIEJO MXL,32.62739642,-115.408463
6287261,OXXO SUC 50SNY SEGUNDA ETAPA TIJ,31.90819984,-116.5805954
6287325,OXXO SUC 50SPO SAN PEDRO MXL,32.60897581,-115.3953502
6725448,OXXO SUC 50SRM EMPLEADOS TIJ,31.88151354,-116.6225144
6780454,OXXO SUC 50SRR HIGUERAS TIJ,31.88730704,-116.6033778
6283523,OXXO SUC 50SVC SEVILLA TIJ,32.51136857,-116.8618646
6727698,OXXO SUC 50SVZ SEXTA TIJ,32.53195473,-117.0350095
6845929,OXXO SUC 50SW8 NEPTUNO TIJ,32.46250602,-116.9772597
6287345,OXXO SUC 50SWD MANGLAR TIJ,32.41250621,-116.937555
6780456,OXXO SUC 50SXB FRESNO TIJ,31.91511787,-116.5996893
6282670,OXXO SUC 50SXH YUCA TIJ,31.90887337,-116.593658
6282666,OXXO SUC 50SXQ LOS ENCINOS TIJ,31.90984776,-116.6025331
6287364,OXXO SUC 50SXY DELICIAS TIJ,32.40913177,-116.9463108
6288366,OXXO SUC 50SYD CASCADAS TIJ,32.48890587,-116.9507398
6288399,OXXO SUC 50SYE MONTERREY TIJ,32.50683237,-117.0229916
6288396,OXXO SUC 50SYP ACANTILADOS TIJ,31.72305961,-116.7138876
6287259,OXXO SUC 50SZL EL SAUZAL TIJ,31.89549214,-116.6981792
9410270,OXXO SUC 50SZT GRAEL MXL,32.60989503,-115.364136
9419605,OXXO SUC 50SZU VALENCIA TIJ,32.49288143,-116.9708279
9435490,OXXO SUC 50T1E MAVERICK TIJ,32.4496875,-116.9159534
9395739,OXXO SUC 50T3K JESUS MARIA TIJ,32.51896059,-116.8422334
6851164,OXXO SUC 50T7F CLAVELES TIJ,32.46790466,-116.9450685
6845480,OXXO SUC 50T7N CHAPALA TIJ,32.48161836,-117.0741058
6845908,OXXO SUC 50T8E QUERETARO TIJ,32.36564962,-117.0452992
9456089,OXXO SUC 50T9F HUACATAY TIJ,32.34977068,-117.0489438
6285117,OXXO SUC 50TAC TOPOLOBAMPO MXL,31.02588121,-114.8425947
6287110,OXXO SUC 50TAN FONTANA TIJ,32.51184309,-116.8847044
6283344,OXXO SUC 50TAY OTAY TIJ,32.52309345,-116.9720579
6780509,OXXO SUC 50TBH NORIEGA TIJ,32.48511559,-116.9759785
6780597,OXXO SUC 50TBL LOS PARQUES TIJ,32.48042954,-116.9609456
6288370,OXXO SUC 50TBQ TOYOTA TIJ,32.49980612,-116.716231
6285096,OXXO SUC 50TCC PARCELAS TIJ,31.72317042,-116.5732954
6285097,OXXO SUC 50TCH COLINAS DEL SAUZAL TIJ,31.88912894,-116.6813521
6780518,OXXO SUC 50TCJ CABALLERO TIJ,32.53534738,-117.0150607
6286251,OXXO SUC 50TCZ CORTEZ TIJ,31.86287699,-116.5875915
6287307,OXXO SUC 50TDA SANCHEZ TABOADA MXL,32.61486564,-115.4411438
6286103,OXXO SUC 50TDL DELANTE TIJ,31.85323522,-116.5890343
6780494,OXXO SUC 50TDP GENESIS MXL,32.59349009,-115.3451613
9411762,OXXO SUC 50TE8 CADEREYTA TIJ,32.48451671,-116.8587546
6283345,OXXO SUC 50TEN TECNOLOGICO TIJ,32.52906288,-116.9813836
6287098,OXXO SUC 50TEP OAXTEPEC TIJ,32.48817272,-116.9961793
6287297,OXXO SUC 50TEQ TERESA MXL,32.6381278,-115.4448194
6851629,OXXO SUC 50TF1 AGRARIOS TIJ,32.43738448,-117.0098083
6287392,OXXO SUC 50TFC ALTA TENSION TIJ,32.36061104,-117.0495525
6852025,OXXO SUC 50TG9 MONTE ALBAN TIJ,32.52805914,-116.8586658
6287394,OXXO SUC 50TGR ROSARITO II TIJ,32.40830125,-117.0478171
6854867,OXXO SUC 50TGS CASCADA MXL,32.5595448,-115.357967
6287122,OXXO SUC 50THI CLOUTHIER TIJ,32.49343115,-116.9279621
6286126,OXXO SUC 50TIG GARCIA TIJ,32.45684634,-116.9268604
6285954,OXXO SUC 50TKO PONDEROZA TIJ,32.57371532,-116.6245465
6287367,OXXO SUC 50TLD FLORIDO II TIJ,32.46189304,-116.8803173
6287375,OXXO SUC 50TLF VILLA LOMAS TIJ,32.49802905,-116.997794
6287273,OXXO SUC 50TLQ TOLEDO MXL,32.6139719,-115.3600363
6283537,OXXO SUC 50TLT LOS ALTOS TIJ,32.52707128,-117.074524
6287103,OXXO SUC 50TOP POSTAL TIJ,32.52444358,-116.9977953
6287129,OXXO SUC 50TOS SANTOS TIJ,32.46019114,-116.9821707
6287373,OXXO SUC 50TPA INDUSTRIAL II TIJ,32.46898506,-116.9871127
6287138,OXXO SUC 50TPR LAS PRESAS TIJ,32.45334315,-116.9228066
6285939,OXXO SUC 50TRA RANCHERO TIJ,32.48950455,-117.0286975
6701596,OXXO SUC 50TRI LORETO MXL,32.5623844,-115.3379486
6780554,OXXO SUC 50TSX GRECO MXL,32.59865627,-115.4935642
6287280,OXXO SUC 50TTF TINOCO MXL,32.19773725,-114.9977466
6283785,OXXO SUC 50TTO LAS TORRES TIJ,32.54500883,-116.8999925
6285026,OXXO SUC 50TTP COSTA BELLA TIJ,31.85410796,-116.5839491
6287084,OXXO SUC 50TTR TOREO TIJ,32.5185035,-117.0169885
6780607,OXXO SUC 50TTT QUELITE MXL,32.65876174,-115.4265344
6285120,OXXO SUC 50TTZ TIERRA CALIDA MXL,32.61394695,-115.3689176
6780505,OXXO SUC 50TUJ JERSEY TIJ,30.57762343,-115.9470246
9456807,OXXO SUC 50TUW JUNGLA TIJ,32.4086157,-116.9230188
6285138,OXXO SUC 50TVC GUILLEN TIJ,32.51342605,-117.0337721
6285895,OXXO SUC 50TVJ BENITO JUAREZ TIJ,32.53403458,-117.0536495
6286138,OXXO SUC 50TWJ CONTRERAS TIJ,32.46235351,-116.9306274
6284996,OXXO SUC 50TXT SONORENSE GAS MXL,32.61456485,-115.4455748
6287374,OXXO SUC 50TXX LEONA VICARIO TIJ,32.50135634,-116.8895223
6780512,OXXO SUC 50TYF CONDESA MXL,32.5956236,-115.3450582
6288338,OXXO SUC 50TYG QUINTA DE OCAMPO MXL,32.56269077,-115.3565279
6288352,OXXO SUC 50TYH CALDERA MXL,32.59620215,-115.4777102
6288339,OXXO SUC 50TZC PLAYAS MXL,31.00016259,-114.8368722
6284923,OXXO SUC 50TZF MACRISTY MXL,32.63638837,-115.418724
6788615,OXXO SUC 50TZG AHUMADITA MXL,32.6112961,-115.5198644
9403676,OXXO SUC 50U45 JIQUILPAN MXL,32.5010938,-115.0640762
6850435,OXXO SUC 50U5M SANTANDER TIJ,32.47467136,-116.9311721
9456212,OXXO SUC 50U6A ROSALIA TIJ,32.56700652,-116.6090279
6850849,OXXO SUC 50U7U VILLA MEDITARRANEA,32.61567889,-115.4510386
6287109,OXXO SUC 50UAY GUAYCURA TIJ,32.51116103,-116.9196708
6282733,OXXO SUC 50UCX GRANADA II MXL,32.60977112,-115.4627329
6286067,OXXO SUC 50UER GUERRERO TIJ,32.36947319,-117.0511772
6282671,OXXO SUC 50UET BANUET TIJ,31.87453809,-116.6279629
6287431,OXXO SUC 50UFF SANDOVAL TIJ,32.50496569,-116.9717786
6708277,OXXO SUC 50UGL PARRA TIJ,32.48226619,-116.9777519
6287417,OXXO SUC 50UGT ACUARIO TIJ,32.4603299,-116.8877363
9400530,OXXO SUC 50UHA SAN DIEGO MXL,32.29548038,-115.0881755
6282742,OXXO SUC 50UHA SAN DIEGO MXL,32.29680875,-115.0869656
6288337,OXXO SUC 50UHV ARBOLEDAS MXL,32.58061096,-115.3578709
6282713,OXXO SUC 50UHX ABASOLO MXL,32.65328821,-115.3552797
6287288,OXXO SUC 50UJI JARA MXL,32.58067391,-115.5850728
9435491,OXXO SUC 50UJR MALIBU TIJ,32.42388528,-117.0952494
6282898,OXXO SUC 50ULM TULUM TIJ,32.48416035,-116.8723128
6287323,OXXO SUC 50ULO TRIANGULO MXL,32.60442605,-115.4358517
6288386,OXXO SUC 50UOB TERRANOVA TIJ,31.79715948,-116.5939698
6288345,OXXO SUC 50UPD GALLARETA MXL,32.66254027,-115.4802328
6287315,OXXO SUC 50UPT PLUTON MXL,32.63086947,-115.5638165
6283524,OXXO SUC 50URA URIAS TIJ,32.48482622,-116.9423766
6284995,OXXO SUC 50USB MISION DE PUEBLA MXL,32.5641997,-115.3294975
6282773,OXXO SUC 50USM SAN MIGUEL MXL,32.65429319,-115.5489658
6285126,OXXO SUC 50USW TECOLOTE MXL,32.66412789,-115.4950288
6850850,OXXO SUC 50UT7 LAS HUERTAS TIJ,32.48253236,-116.9559455
6288406,OXXO SUC 50UUJ PARADOR TIJ,32.53881244,-116.9136978
6282732,OXXO SUC 50UWR GAVIOTAS MXL,32.59267551,-115.45778
6288388,OXXO SUC 50UWZ PLATINO TIJ,31.84320976,-116.6005984
6282907,OXXO SUC 50UYD CATEDRAL TIJ,32.53532221,-117.0391661
6282899,OXXO SUC 50UZI ROSAL TIJ,32.49462203,-116.9519293
6286159,OXXO SUC 50UZU ITURBIDE TIJ,31.86155341,-116.6128683
9395767,OXXO SUC 50V7X SEMINARIO TIJ,32.4764988,-116.9149319
9400151,OXXO SUC 50V89 IRIS TIJ,32.51161057,-117.0818983
6283650,OXXO SUC 50V97 RIO CHAMPOTON MXL,32.59530287,-115.3793071
6780653,OXXO SUC 50VAF VERONA TIJ,32.45252212,-117.0383228
6282991,OXXO SUC 50VBW EL NIDO TIJ,32.33836349,-117.0553894
6285149,OXXO SUC 50VBZ AVILA CAMACHO TIJ,32.5141071,-116.8589585
6287348,OXXO SUC 50VCK VALLECITOS TIJ,32.44313288,-117.0127309
6287320,OXXO SUC 50VCT VALLECITOS MXL,32.64887573,-115.529576
6282765,OXXO SUC 50VDF V. DE PUEBLA IV MXL,32.58329287,-115.3765629
6287204,OXXO SUC 50VDH VICTORIA MXL,32.647184,-115.4579757
6286763,OXXO SUC 50VDL VILLAS DEL SOL MXL,32.60659856,-115.4526684
6286995,OXXO SUC 50VDN 20 DE NOVIEMBRE TIJ,32.51242529,-116.9870222
6282777,OXXO SUC 50VDW VINEDOS MXL,32.62220091,-115.5610285
6282969,OXXO SUC 50VFD VILLA DEL CAMPO TIJ,32.51310039,-116.7355895
6287293,OXXO SUC 50VFO VILLA FONTANA MXL,32.63199449,-115.505378
6287205,OXXO SUC 50VGR VICENTE GUERRERO MXL,32.65051893,-115.4176329
6287282,OXXO SUC 50VHE VISTA HERMOSA MXL,32.65873884,-115.4244715
6282784,OXXO SUC 50VIN POLVORIN MXL,32.60749631,-115.4176544
6287433,OXXO SUC 50VJH VILLALTA TIJ,32.44161598,-117.0397522
6282897,OXXO SUC 50VKU VENADOS TIJ,32.41226109,-116.9198832
6283701,OXXO SUC 50VLE DEL VALLE MXL,32.61243621,-115.4054565
6286102,OXXO SUC 50VLX VILLACRUZ TIJ,32.47369435,-116.910705
6287447,OXXO SUC 50VMR VINA DEL MAR MXL,32.63145628,-115.3902183
6287117,OXXO SUC 50VNA VILLA FONTANA TIJ,32.50075524,-116.8548589
6701707,OXXO SUC 50VNS ALFARERO TIJ,32.50327431,-117.0669997
6780426,OXXO SUC 50VNW RHIN TIJ,32.4794972,-116.9355403
6283786,OXXO SUC 50VOR VILLA DEL REAL TIJ,32.50777214,-116.8559631
6724232,OXXO SUC 50VPG V. DEL PEDREGAL VI MXL,32.58064446,-115.3637346
6285934,OXXO SUC 50VPL VALLE DE PUEBLA MXL,32.5745702,-115.3690123
6780423,OXXO SUC 50VPN GASTELUM TIJ,31.86491243,-116.6270768
6287413,OXXO SUC 50VPV PORTALES V MXL,32.5792949,-115.498045
6287330,OXXO SUC 50VRP VILLAS DE LA REP. MXL,32.60625209,-115.3728792
6287317,OXXO SUC 50VRS VIRREYES MXL,32.62185414,-115.5141172
6286149,OXXO SUC 50VRX VIA RAPIDA TIJ,32.5168906,-116.9810165
6709382,OXXO SUC 50VSU LUIS DE VELAZCO MXL,32.6553273,-115.4349456
6285145,OXXO SUC 50VVD BENY TIJ,32.48505587,-116.9416685
6287324,OXXO SUC 50VVE VILLA VERDE MXL,32.59963909,-115.3822
6285019,OXXO SUC 50VVL ONCEAVA TIJ,31.87247421,-116.619123
6287078,OXXO SUC 50VVM VILLANOVA MXL,32.62366365,-115.4990023
6288359,OXXO SUC 50VVV DEL SAINZ TIJ,32.4315746,-116.953979
6287448,OXXO SUC 50VWO VINA DEL SOL MXL,32.60660812,-115.4526683
6288393,OXXO SUC 50VWY ISESALUD TIJ,31.87710094,-116.6209228
6288395,OXXO SUC 50VXA PRADERAS DEL CIPRES TIJ,31.81086182,-116.5904721
6780577,OXXO SUC 50VXK LIENZO CHARRO MXL,32.64391438,-115.3504219
6286253,OXXO SUC 50VYV EL REFUGIO TIJ,32.45787159,-116.8272661
6704837,OXXO SUC 50VYX TORNADO TIJ,30.73121284,-115.9912751
9468509,OXXO SUC 50W0R HERMOSILLO MXL,32.52406694,-114.9178651
6850851,OXXO SUC 50W4D NAPOLES TIJ,32.50968066,-116.8670887
6780573,OXXO SUC 50W4E OCOTLAN TIJ,32.4905262,-116.9572458
6851262,OXXO SUC 50W7T AQUINO TIJ,32.52708128,-116.9826147
9397054,OXXO SUC 50W8I ZAPATA MXL,32.51127914,-114.9185523
6288413,OXXO SUC 50WAA NATURA TIJ,32.373119,-116.9372531
6288407,OXXO SUC 50WAB LAS PALOMAS TIJ,32.47631331,-116.9358805
6286104,OXXO SUC 50WAE AEREOPUERTO TIJ,32.54220222,-116.9949062
6288369,OXXO SUC 50WBT EUROPA TIJ,32.47072805,-116.8189085
6282956,OXXO SUC 50WFP DEL PADRE TIJ,32.5350729,-117.0173333
6284788,OXXO SUC 50WHD BERTHA MXL,32.65885743,-115.4861425
6286084,OXXO SUC 50WHE HERRERA TIJ,32.52340063,-117.0626357
6282662,OXXO SUC 50WIC CAMALU TIJ,30.83947781,-116.0605132
6288408,OXXO SUC 50WID CLINICA UNO TIJ,32.4774797,-116.9271887
6282665,OXXO SUC 50WIG GUERRERENSE TIJ,30.72153167,-115.9892518
6288371,OXXO SUC 50WIH HEROES TIJ,32.53318485,-117.0398429
6288361,OXXO SUC 50WIM HALCONES TIJ,32.49835058,-116.9084008
6282668,OXXO SUC 50WIQ SAN QUINTIN TIJ,30.56546265,-115.9431975
6282916,OXXO SUC 50WJC AVENIDA TIJ,32.53631134,-117.0417205
6286090,OXXO SUC 50WLZ MORELOS TIJ,32.51959394,-117.0362499
6288385,OXXO SUC 50WMD MONTEMAR TIJ,31.89977238,-116.5541652
6285111,OXXO SUC 50WMP VILLA DEL SERI MXL,32.66462741,-115.473286
6282741,OXXO SUC 50WNP ROBLE II MXL,32.60533784,-115.3581423
6780578,OXXO SUC 50WNR VENCEDOR MXL,32.56285701,-115.346568
6287312,OXXO SUC 50WOL TURQUESA MXL,32.57842202,-115.35012
6284780,OXXO SUC 50WPE CALAFIA TIJ,32.5227538,-117.0274197
6282927,OXXO SUC 50WPF MEXTLI TIJ,32.53492242,-117.0419694
6287353,OXXO SUC 50WPN PLANETARIO TIJ,32.4884131,-117.0118266
6282908,OXXO SUC 50WQD SAN JORGE TIJ,32.49909021,-116.9663988
6282900,OXXO SUC 50WQF ALARID TIJ,32.49757723,-116.9602767
6282930,OXXO SUC 50WQG AGRICOLA TIJ,32.50734488,-116.7406697
6797265,OXXO SUC 50WRV CAROLINAS TIJ,31.89167692,-116.5868421
9438261,OXXO SUC 50WS5 LOS OLIVOS MXL,32.64675646,-115.5297824
6282764,OXXO SUC 50WUK PORTALES IV MXL,32.57933011,-115.4980008
6285110,OXXO SUC 50WUL GUARDERIA MXL,32.59147292,-115.4815088
6850573,OXXO SUC 50WV0 LEYVA TIJ,32.34440016,-117.0519805
6282731,OXXO SUC 50WVC EL DORADO MXL,32.57021157,-115.4233022
6282914,OXXO SUC 50WVE MAGON TIJ,32.53260445,-117.0379647
6282708,OXXO SUC 50WVK DORADO RANCH MXL,31.11687394,-114.9011732
6282989,OXXO SUC 50WXN POPOTLA TIJ,32.30150557,-117.0419519
6286100,OXXO SUC 50WZE ZERTUCHE TIJ,31.79223702,-116.5843993
6284776,OXXO SUC 50WZX SOLORZA TIJ,32.4994287,-116.9670227
9419632,OXXO SUC 50X10 SAN MATEO TIJ,32.34719999,-117.010493
9462605,OXXO SUC 50X1H MIMIHUAPAN TIJ,32.53505535,-116.975656
9411790,OXXO SUC 50X1Z LLANOS TIJ,32.52124092,-116.8735807
9401475,OXXO SUC 50X9H NARDOS MXL,32.6639585,-115.4195882
6850852,OXXO SUC 50X9Q BOULEVARD MXL,32.63370965,-115.4638575
6846010,OXXO SUC 50X9X ALTIPLANO TIJ,32.5233137,-116.853263
6282933,OXXO SUC 50XAK MAXIM TIJ,32.53394012,-117.0380312
6287445,OXXO SUC 50XBH OASIS MXL,32.33769188,-115.3310836
6282673,OXXO SUC 50XCK CUAUHTEMOC TIJ,31.8506121,-116.5916492
6283343,OXXO SUC 50XDL LIBERTAD TIJ,32.53329417,-117.0089039
6282951,OXXO SUC 50XEE CORREGIDORA TIJ,32.49768751,-116.9905356
6285072,OXXO SUC 50XEI CAMPO NUEVO TIJ,32.52773656,-117.0060538
6287206,OXXO SUC 50XEY DEL REY TIJ,31.7838237,-116.5725148
6287326,OXXO SUC 50XEZ ESPERANZA MXL,32.64537645,-115.4965803
6288387,OXXO SUC 50XFB EL ROBLE TIJ,31.86211,-116.5454927
6286109,OXXO SUC 50XFE FUNDADORES II TIJ,32.48637067,-117.0331627
6282948,OXXO SUC 50XFF CARLOS TIJ,32.46029929,-116.8375697
6283116,OXXO SUC 50XGF FUNDADORES I TIJ,32.50224049,-117.0334801
6284777,OXXO SUC 50XHL XOCHICALI MXL,32.60241505,-115.4521239
6285068,OXXO SUC 50XHU TURISTA TIJ,32.53405728,-117.0367042
6287415,OXXO SUC 50XJH CUATRO MILPAS TIJ,32.55838186,-116.6216664
6285027,OXXO SUC 50XJJ GRANADA TIJ,31.86183855,-116.609826
6854730,OXXO SUC 50XJK PAREDONES MXL,32.58236615,-115.3562233
6282909,OXXO SUC 50XKA CLINICA 20 TIJ,32.49698951,-116.9631325
6791789,OXXO SUC 50XKB BUENOS AIRES MXL,32.56634873,-115.4833918
6282894,OXXO SUC 50XKF CATALINA TIJ,32.53195587,-117.0350097
6701367,OXXO SUC 50XKL SAN TELMO TIJ,32.49141358,-117.0295691
6288346,OXXO SUC 50XKO FERROL MXL,32.57482723,-115.4709059
6282727,OXXO SUC 50XKR MORELOS MXL,32.66023578,-115.4888759
6288341,OXXO SUC 50XKW TRAILERO MXL,32.5855912,-115.4339543
6282911,OXXO SUC 50XKY TAMAYO TIJ,32.52562641,-117.0167313
9453141,OXXO SUC 50XM0 BATAQUEZ MXL,32.55169426,-115.0745739
6285031,OXXO SUC 50XMA COLONET TIJ,31.07001162,-116.2073836
6780616,OXXO SUC 50XMF LA PUNTA MXL,32.62960799,-115.4524428
6701440,OXXO SUC 50XMT INDIO TIJ,30.55949314,-115.9417748
6285892,OXXO SUC 50XNA ARENAS MXL,32.58298618,-115.4714079
6287329,OXXO SUC 50XOH HERREROS MXL,32.65141204,-115.4675076
6283652,OXXO SUC 50XOR ORIZABA MXL,32.64313677,-115.5060089
6287327,OXXO SUC 50XOS SINALOA MXL,32.64536918,-115.4905594
6287298,OXXO SUC 50XPB PUEBLA MXL,32.58321615,-115.3763516
6286256,OXXO SUC 50XPI IXPALINO TIJ,32.49872617,-116.8949483
6288365,OXXO SUC 50XQQ TITA TIJ,32.52127742,-117.1161786
6287065,OXXO SUC 50XRL CAM. DE LOS REYES MXL,32.5903201,-115.48624
6288374,OXXO SUC 50XRY ESPECTACULAR TIJ,32.51367946,-116.9872928
6780642,OXXO SUC 50XSA LA ENCANTADA TIJ,32.44406798,-116.8742166
6286764,OXXO SUC 50XSM SANTA MONICA MXL,32.61350912,-115.4884313
6282923,OXXO SUC 50XSW LA SIERRA TIJ,32.51628655,-117.0837565
6780683,OXXO SUC 50XUS GUADALAJARA TIJ,32.50201784,-117.038971
6285943,OXXO SUC 50XUV RUBI TIJ,32.4875278,-117.0312767
6780425,OXXO SUC 50XVT XOCHIMILCO TIJ,32.45911859,-117.0001245
6287052,OXXO SUC 50XXV V. CARRANZA MXL,32.60897554,-115.4051734
6286162,OXXO SUC 50XYR CANACO TIJ,32.53305076,-117.0223837
6282664,OXXO SUC 50XYY EL GALLO TIJ,31.85516877,-116.5753711
6282932,OXXO SUC 50XZK CUSPIDE TIJ,32.53047182,-117.102514
6282920,OXXO SUC 50XZN TLALTIZAPAN TIJ,32.52127293,-117.0380989
6287276,OXXO SUC 50XZO 18 DE MARZO MXL,32.61426679,-115.4179732
6287368,OXXO SUC 50XZT ZAPATA TIJ,32.48780461,-116.8689055
6282729,OXXO SUC 50XZV CENTENARIO MXL,32.57364922,-115.4708103
6288376,OXXO SUC 50XZW IFE TIJ,32.53472651,-117.0442149
6851611,OXXO SUC 50Y4E HAITIANOS TIJ,32.47268222,-116.9550665
6780508,OXXO SUC 50Y89 GAVIOTAS TIJ,32.50082865,-117.0419801
6851102,OXXO SUC 50Y8E VISTAS TIJ,32.44421969,-116.9223619
9464536,OXXO SUC 50Y8I ENLACE TIJ,31.78054401,-116.5782262
9392814,OXXO SUC 50Y9P BRAULIO MXL,32.61268278,-115.4257347
6780626,OXXO SUC 50YAQ EL DESCANSO TIJ,32.44766096,-116.987062
6780424,OXXO SUC 50YCB FENDER TIJ,31.84688424,-116.6085813
6287115,OXXO SUC 50YCD CALLE DOS TIJ,32.49798422,-116.861931
6287258,OXXO SUC 50YES CAM. DE LOS REYES TIJ,31.77461722,-116.5727602
6287387,OXXO SUC 50YFE MAYAPAN TIJ,32.47595534,-116.881386
6287426,OXXO SUC 50YFR QUINTA FE TIJ,32.43147246,-117.0327495
6282761,OXXO SUC 50YGM YUGOSLAVIA MXL,32.64697461,-115.5225634
6284783,OXXO SUC 50YGY AGUAYO TIJ,32.48393466,-117.042816
6282906,OXXO SUC 50YHV MUTUALISMO TIJ,32.53345463,-117.0432354
6288340,OXXO SUC 50YIZ MILENIUM MXL,32.6069672,-115.3815248
6282922,OXXO SUC 50YJA VERSALLES TIJ,32.43481843,-117.0190483
6284772,OXXO SUC 50YJB LA JOYA TIJ,32.44183156,-117.0141189
6282896,OXXO SUC 50YJC PANAMERICANO TIJ,32.46931855,-117.0143585
9409125,OXXO SUC 50YK7 SAN JOSE TIJ,32.53472097,-117.0616391
6282912,OXXO SUC 50YKF INGENIEROS TIJ,32.52957928,-116.9739548
6282917,OXXO SUC 50YKG GOBIERNO TIJ,32.53075772,-117.0151439
6282901,OXXO SUC 50YKH NAVARRETE TIJ,32.50576256,-116.9654473
6282654,OXXO SUC 50YKJ SALINA TIJ,32.08528838,-116.8818463
6288342,OXXO SUC 50YLU MEXICALI II MXL,32.58952003,-115.4307184
6285098,OXXO SUC 50YNV BERILO TIJ,31.97303903,-116.6561928
6287335,OXXO SUC 50YOT SOTO MAYOR TIJ,32.57143888,-116.634503
6282892,OXXO SUC 50YPX SAN PEDRO TIJ,32.50070327,-116.9697859
6282749,OXXO SUC 50YQH LOS ARCOS MXL,31.02777144,-114.8502259
6287054,OXXO SUC 50YRV RIO VERDE MXL,32.60083935,-115.4050444
6284778,OXXO SUC 50YUG PENASCO TIJ,32.51954188,-117.0622062
6284034,OXXO SUC 50YUM YUMANOS TIJ,31.90310545,-116.584678
6285103,OXXO SUC 50YVO VIDAURRY MXL,32.59090604,-115.4388495
6285109,OXXO SUC 50YVP PIPILA MXL,32.63463951,-115.4321541
6287116,OXXO SUC 50YVS VILLA DEL SOL TIJ,32.49901726,-116.847333
6282659,OXXO SUC 50YWT AYUTLA TIJ,31.81031319,-116.5966137
6288360,OXXO SUC 50YWV GAYUBA TIJ,32.43440456,-116.9409278
6288389,OXXO SUC 50YXA ESMERALDA TIJ,31.8481406,-116.5912727
6285940,OXXO SUC 50YZA REFORMA MXL,32.66288525,-115.4934267
6288384,OXXO SUC 50YZU ISSSTE TIJ,31.85066648,-116.6077933
6850853,OXXO SUC 50Z2M BOSQUES DEL SOL MXL,32.63219289,-115.3867963
9411791,OXXO SUC 50Z35 PASTIZALES TIJ,32.51008992,-116.8490243
6850740,OXXO SUC 50Z4W SOR JUANA TIJ,32.54901316,-116.9296187
9397056,OXXO SUC 50Z7X GERONA MXL,32.59393062,-115.3308967
6286112,OXXO SUC 50ZBB ALEGRE TIJ,32.51175778,-116.9919683
6282958,OXXO SUC 50ZBD DRAKO TIJ,32.50020291,-116.9090635
6286105,OXXO SUC 50ZBH VILLA BONITA TIJ,31.84744834,-116.5736494
6282953,OXXO SUC 50ZBT DALI TIJ,32.53105067,-117.0379769
6287358,OXXO SUC 50ZBV PUMAS TIJ,32.46916833,-116.8469919
6285890,OXXO SUC 50ZCG AMISTAD TIJ,32.47854818,-116.9557534
6854740,OXXO SUC 50ZCH SALMON TIJ,32.52192622,-116.9859797
6286127,OXXO SUC 50ZCK LA BODEGA TIJ,31.84959407,-116.6139307
6287257,OXXO SUC 50ZDD AVILA PRIMERA TIJ,31.86219124,-116.6255147
6285146,OXXO SUC 50ZDP ABELARDO TIJ,32.51883929,-117.0118521
6814172,OXXO SUC 50ZEX DE LA GUARDA TIJ,31.89086742,-116.5643197
6780461,OXXO SUC 50ZFK BOMBEROS TIJ,31.84370433,-116.5900014
9397060,OXXO SUC 50ZG0 TECOLUTLA MXL,32.60232315,-115.3953917
6851996,OXXO SUC 50ZGE LEON TIJ,32.49908108,-116.8707635
6284775,OXXO SUC 50ZGO ZARAGOZA MXL,32.66119957,-115.4639825
6288355,OXXO SUC 50ZJA PLAZUELA TIJ,32.57363141,-116.6272319
6286135,OXXO SUC 50ZJJ ALLENDE TIJ,32.52664604,-117.0487416
6285157,OXXO SUC 50ZJX SEPTIMA TIJ,32.52990813,-117.0332549
6282759,OXXO SUC 50ZKM MARQUEZ MXL,32.60241973,-115.4521485
6282895,OXXO SUC 50ZKY AMERICANA TIJ,32.53093303,-117.0119409
6287053,OXXO SUC 50ZLS LAURELES MXL,32.60970961,-115.3851771
6285114,OXXO SUC 50ZMX TEJADA MXL,32.66240049,-115.4662841
6282992,OXXO SUC 50ZQA PEDRIN TIJ,32.34090274,-117.0564081
6780532,OXXO SUC 50ZRY RAMOS TIJ,32.52487973,-117.0995388
6282756,OXXO SUC 50ZSR SANTA ROSA MXL,32.23964204,-115.1676876
6287328,OXXO SUC 50ZTE ZACATECAS MXL,32.62595883,-115.4666218
6285122,OXXO SUC 50ZTP CUERVOS MXL,32.63407357,-114.8522808
6285894,OXXO SUC 50ZUE AZUETA MXL,32.66426366,-115.4936217
6285125,OXXO SUC 50ZUM MECANICOS MXL,32.65141348,-115.4675077
6286130,OXXO SUC 50ZVD MONUMENTAL TIJ,32.53177324,-117.1194714
6286115,OXXO SUC 50ZVE TAPATIO TIJ,32.52784426,-117.0392478
6287349,OXXO SUC 50ZVG ONCE TIJ,32.52725949,-117.0327441
6285919,OXXO SUC 50ZVH NUEVA ENSENADA TIJ,31.85912035,-116.6164003
6286174,OXXO SUC 50ZVJ MURUA TIJ,32.51479411,-116.9477132
6286125,OXXO SUC 50ZVK MIRAMAR TIJ,31.83654497,-116.606511
6282780,OXXO SUC 50ZVP VALLE DEL PEDREGAL MXL,32.58066059,-115.3637267
6286157,OXXO SUC 50ZVQ IMPERIAL TIJ,32.53905032,-116.9018602
6286113,OXXO SUC 50ZVU OCEANIA TIJ,31.86705133,-116.6077312
6287339,OXXO SUC 50ZVW TLAQUEPAQUE TIJ,32.48779402,-116.881085
6282904,OXXO SUC 50ZWH SIMON BOLIVAR TIJ,32.46763845,-116.9195402
6287430,OXXO SUC 50ZWW GARITA TIJ,32.54386555,-116.9367893
6285116,OXXO SUC 50ZWZ CAMINO DEL SUR MXL,32.58586851,-115.4360678
9469420,OXXO SUC 50ZX5 ESCENICA TIJ,32.41283146,-117.0926195
6286178,OXXO SUC 50ZXD MARINA TIJ,31.86162121,-116.6259871
6285905,OXXO SUC 50ZXF CENTRO TIJ,32.53228451,-117.0333209
6285896,OXXO SUC 50ZXH BUGAMBILIAS TIJ,32.53224911,-116.9480542
6286121,OXXO SUC 50ZXI FRONTERIZO TIJ,32.53871927,-117.0440059
6285946,OXXO SUC 50ZXK CAPISTRANO TIJ,32.48027516,-116.9171266
6286132,OXXO SUC 50ZXL CAMPESTRE MURUA TIJ,32.52484518,-116.9197702
6282781,OXXO SUC 50ZXO ONCE MXL,32.61315384,-115.5057661
6286129,OXXO SUC 50ZXQ CORAL TIJ,31.86649764,-116.5946315
6286114,OXXO SUC 50ZXR HERRADURA TIJ,32.52943305,-117.0363792
6286137,OXXO SUC 50ZXS LOPEZ MATEOS TIJ,31.86305747,-116.627094
6286111,OXXO SUC 50ZXU PARQUE TIJ,32.50805718,-116.9192467
9409126,OXXO SUC 50ZXW TOROS TIJ,32.48573722,-116.9196947
6286155,OXXO SUC 50ZYO ZONA RIO TIJ,32.52121146,-117.0153286
6286160,OXXO SUC 50ZYY AVILA RUIZ TIJ,31.8708703,-116.6240597
6850855,OXXO SUC 50ZZ5 ALGODONES MXL,32.71297442,-114.734282
6287331,OXXO SUC 50ZZQ ZAZ MXL,32.61205312,-115.3773717
6287305,OXXO SUC OFICINAS ADMINISTRATIVAS MEXICALI,32.58793733,-115.3531387
9345919,OXXO VELAZCO,32.5400853,-117.0029708
93658,TOROXXO,31.87464531,-116.624886
